CODE,PARENT,PARENT SCOPE,DIRECTION,INVERSE,INVERSE SCOPE,COMPARABLE,NAME,NAME_EN,NAME_RU,NAME_AR,DESCRIPTION,DESCRIPTION_EN,DESCRIPTION_RU,DESCRIPTION_AR
6,,,EXPENDITURE,,,TRUE,הנהלה כללית,General Management,Генеральное управление,إدارة الخدمات العامة,,,,
61,6,,EXPENDITURE,,,TRUE,מינהל כללי,General Administration,Генеральная администрация,الادارة العامة,"הוצאות הרשות עבור שכר ותפעול המינהל הכללי, הכולל את לשכות ראש הרשות והמנכ""ל, מזכירות המועצה, היועץ המשפטי ועוד. ",,,
611,61,,EXPENDITURE,,,TRUE,הנהלה ורשות,Management and Municipality,Управление и муниципалитет,إدارة وسلطة,,,,
6111,611,,EXPENDITURE,,,TRUE,ראש הרשות המקומית וסגניו,Municipality Head and Deputies,Глава муниципалитета и заместители,رئيس السلطة المحلية والنواب,,,,
6112,611,,EXPENDITURE,,,TRUE,מועצת הרשות,Municipal Council,Муниципальный комитет,مجلس السلطة,,,,
612,61,,EXPENDITURE,,,TRUE,מבקר הרשות,Municipal Comptroller,Муниципальный контролёр,مشرف السلطة,,,,
613,61,,EXPENDITURE,,,TRUE,מזכירות,Secretariate,Секретариат,سكرتارية,,,,
614,61,,EXPENDITURE,,,TRUE,הסברה ויחסי ציבור,Spokesmanship and Public Relations,Представительность и связи с общественностью,الإعلام والعلاقات العامة,,,,
615,61,,EXPENDITURE,,,TRUE,מנגנון,Administration,Административный персонал,تقنية,,,,
616,61,,EXPENDITURE,,,TRUE,או״ש והדרכה,"Organization and Methods, and Training","Организация и методы, и обучение",التنظيم والأساليب والتدريب,,,,
617,61,,EXPENDITURE,,,TRUE,שרות משפטי,Legal Service,Юридическая служба,الخدمات القانونية,,,,
618,61,,EXPENDITURE,,,TRUE,תכנון ומחקר,Planning and Research,Проектирование и исследование,التخطيط والبحوث,,,,
619,61,,EXPENDITURE,,,TRUE,בחירות ברשויות המקומיות,Local Government Elections,Выборы в муниципалитетах,الانتخابات البلدية,,,,
62,6,,EXPENDITURE,,,TRUE,מינהל כספי,Financial Administration,Финансовая администрация,الإدارة المالية,"הוצאות הרשות עבור שכר ותפעול המנהל הכספי, הכולל את אגף הגזברות, החשבות והתקציבים, מחלקת גביית ארנונה ועוד",,,
621,62,,EXPENDITURE,,,TRUE,הגזברות,Accounts department,Казначейство,أمانة الثروة,,,,
6211,621,,EXPENDITURE,,,TRUE,הנהלת הגזברות,Accounts department managment,Администрация казначейства,إدارة الخزانة,,,,
6212,621,,EXPENDITURE,,,TRUE,תקציבים וכלכלה,Budgets and Economics,Бюджеты и экономика,الميزانيات والاقتصاد,,,,
6213,621,,EXPENDITURE,,,TRUE,הנהלת חשבונות,Accounting,Бухгалтерия,مسك دفاتر,,,,
6214,621,,EXPENDITURE,,,TRUE,תשלומים,Payments,Оплаты,دفوعات,,,,
6215,621,,EXPENDITURE,,,TRUE,יחידת שכר,Salary Unit/Department,Отдел заработной платы, وحدة الرواتب,,,,
6216,621,,EXPENDITURE,,,TRUE,מעקב אחר הכנסות,Revenues Tracking,Регулировка взносов, تتبع الدخل,,,,
6217,621,,EXPENDITURE,,,TRUE,מיכון ואוטומציה,Mechanization and Automation,Механизация и автоматизация,المكننة والأتمتة,,,,
622,62,,EXPENDITURE,,,TRUE,שומה,Tax Assessment,Оценка налогов,تقدير,,,,
623,62,,EXPENDITURE,,,TRUE,גבייה,Collection,Сбор,جمع,,,,
6231,623,,EXPENDITURE,,,TRUE,מזכירות ומינהל,Secretariate and Administration,Секретариат и администрация,السكرتارية والإدارة,,,,
6232,623,,EXPENDITURE,,,TRUE,גביית ארנונה,Municipal Tax Collection,Сбор муниципальных налогов,جمع ضريبة الأملاك,,,,
6233,623,,EXPENDITURE,,,TRUE,גביית אגרות והיטלים,Fees and Levies Collection,Сбор оплат и налогов,تحصيل الرسوم والجبايات,,,,
6234,623,,EXPENDITURE,,,TRUE,גביית תשלומי בעלים,Owners' Payments Collection,Сбор владельческих оплат,جمع دفوعات المالك,,,,
6235,623,,EXPENDITURE,,,TRUE,גבייה ממשרדי ממשלה, Collection from Government Ministries,Сбор с государственных министерств,جمع من الوكالات الحكومية,,,,
6236,623,,EXPENDITURE,,,TRUE,הוצאות לפועל,Execution office,Исполнительное бюро,النفقات الفعلية,,,,
624,62,,EXPENDITURE,,,TRUE,פקוח על חברות הרשות,Supervision of Municipal Companies,Инспекция муниципальных компаний,الإشراف على شركات في السلطة,,,,
63,6,,EXPENDITURE,,,TRUE,הוצאות מימון,Financing Expenses,Финансовые расходы,نفقات التمويل,הוצאות הרשות עבור עמלות בנק ואשראי וכן הוצאות מימון עבור ריבית על הלוואות,,,
631,63,,EXPENDITURE,,,TRUE,עמלות והוצאות בנקאיות,Fees and Bank Expenses,Комиссионные и банковые расходы,الرسوم ومصاريف البنك,,,,
632,63,,EXPENDITURE,113,,TRUE,הוצאות מימון,Financing Expenses,Финансовые расходы,نفقات التمويل,הוצאות הרשות עבור כיסוי הנחות על תשלומי ארנונה ששולמו מראש ובמסגרת הסדר תשלומים.,,,
64,6,,EXPENDITURE,,,TRUE,פרעון מלוות,Loan Redemption/Payment,Уплата ссуд,سداد القروض,"תשלומים עבור החזרי הלוואות שלקחה הרשות, כולל תשלומי קרן, ריבית והצמדה. ",,,
648,64,,EXPENDITURE,,,TRUE,פרעון מלוות לפרעון עצמי,Self Redemption Loan Redemption,,سداد قروض غير المسددة,,,,
649,64,,EXPENDITURE,,,TRUE,פרעון מלוות מוכר,Redemption,,سداد القروض المعترف بها,,,,
6491,649,,EXPENDITURE,,,TRUE,פרעון מלוות מוכר לא למחזור,Redemption,,سداد القروض المعترف بها ليست قابلة لإعادة التدوير,,,,
6492,649,,EXPENDITURE,,,TRUE,פרעון מלוות מוכר למחזור נטו,Redemption,,سداد القروض المعترف بها في مرمى,,,,
7,,,EXPENDITURE,2,,TRUE,שירותים מקומיים,Local Services,Местные услуги,الخدمات المحلية,,,,
71,7,,EXPENDITURE,21,,TRUE,תברואה,Sanitation,Санитация,الصرف الصحي,"הוצאות הרשות עבור שכר, ציוד וחומרים עבור שירותי תברואה שונים. לדוגמה - פינוי פסולת, ניקיון רחובות והדברת מזיקים. ",,,
711,71,,EXPENDITURE,,,TRUE,מינהל תברואה,Sanitation Administration,Санитационная администрация,إدارة الصرف الصحي,"הוצאות הרשות עבור שכר, ציוד ותפועל מינהל שירותי התברואה, כולל שירותים מנהליים, מוקד תפעולי ומחלקת תכנון ובקרה. ",,,
712,71,,EXPENDITURE,212,,TRUE,שירותי ניקיון,Cleaning Services,Уборичные услуги,خدمات التنظيف,"הוצאות הרשות עבור שירותי הניקיון של הרשות, כולל ניקוי רחובות, איסוף וביעור אשפה ועבודות קבלניות. ",,,
7121,712,,EXPENDITURE,2121,,TRUE,מינהל שירותי ניקיון,Cleaning Services Administration,Администрация уборочных услуг,إدارة خدمات التنظيف,,,,
7122,712,,EXPENDITURE,2122,,TRUE,ניקוי רחובות,Street cleaning,Уличная уборка,تنظيف الشوارع,"הוצאות הרשות עבור שכר עובדים, ציוד וחומרים עבור ניקוי שוטף של רחובות ומתחמים בשטחה.",,,
7123,712,,EXPENDITURE,2123,,TRUE,אסוף ובעור אשפה,Garbage removal/waste collection and disposal,Сбор и ликвидация мусора,جمع وإزالة سلة المهملات,"הוצאות הרשות על שכר עובדים, ציוד, מכונות וחומרים בעבור איסוף, ביעור ושינוע של אשפה בתחומה, לרבות היטלי הטמנה המשולמים על כל טונה של פסולת מעורבת.",,,
7124,712,,EXPENDITURE,2124,,TRUE,ניקוי חצרות,Yard Cleaning,Уборка дворов,تنظيف الساحات ,,,,
7125,712,,EXPENDITURE,2125,,TRUE,בתי שימוש ציבוריים,Public Restrooms,Общественный туалет,المراحيض العامة,הוצאות הרשות עבור הנחה ותפעול של שירותים ציבוריים,,,
713,71,,EXPENDITURE,213,,TRUE,פיקוח תברואי,Sanitary Supervision,Санитарный контроль,الإشراف الصحي,הוצאות הרשות על שכר ותפעול עבודות פיקוח תברואי על עסקים ומוסדות ,,,
7131,713,,EXPENDITURE,2131,,TRUE,מינהל הפיקוח התברואי,Sanitary Supervision Administration,Администрация санитарного контроля,إدارة الإشراف الصحي,,,,
7132,713,,EXPENDITURE,2132,,TRUE,פקוח תברואי כללי,General Sanitation Supervision,Генеральный санитарный контроль,رقابة صحية عامة,,,,
7133,713,,EXPENDITURE,2133,,TRUE,פיקוח על עסקים ומוסדות,Business and Institution Supervision,Контроль предприятий и учреждений,رقابة الشركات والمؤسسات,,,,
714,71,,EXPENDITURE,214,,TRUE,שרות וטרינרי,Veterinary Service,Ветеренарные услуги,الخدمات البيطرية,"הוצאות הרשות על שירותים וטרינריים, כולל שכר וטרינר, צרכים מנהליים של המרכזים הוטרינריים והוצאות למניעת כלבת. ",,,
7141,714,,EXPENDITURE,2141,,TRUE,מינהל שרות וטרינרי,Veterinary Service Administration,Администрация ветеренарных услуг,إدارة الخدمات البيطرية,,,,
7142,714,,EXPENDITURE,2142,,TRUE,פיקוח וטרינרי,Veterinary Supervision,Ветеренарный контроль,رقابة بيطرية,,,,
7143,714,,EXPENDITURE,2143,,TRUE,מלחמה בכלבת,Fight against Rabies,собачья чума,مكافحة داء الكلاب,,,,
715,71,,EXPENDITURE,215,,TRUE,תברואה מונעת,Preventive Sanitation,Профилактическая санитация,الصرف الصحي الوقائي,"הוצאות הרשות על שירותי תברואה מונעת, כולל הוצאות שכר וחומרים עבור ריסוס והדברה, פינוי  פגרים ולכידת נחשים.",,,
7151,715,,EXPENDITURE,2151,,TRUE,מכירת חומרי תברואה,Sanitary Materials Sales,Продажа санитарных материалов,بيع المواد الصحية,,,,
7152,715,,EXPENDITURE,2152,,TRUE,הדברת מחלות מדבקות,Elimination of Infectious Diseases,Элиминация заразных болезней,مكافحة الأمراض المعدية,,,,
7153,715,,EXPENDITURE,2153,,TRUE,שרות להדברת מזיקים,Pest Control Service,Служба контроля вредителей,خدمات مكافحة الآفات,,,,
72,7,,EXPENDITURE,22,,TRUE,שמירה ובטחון,Guarding and Security,Охрана,حفظ والأمن,"הוצאות הרשות על שכר, מחשוב וציוד עבור המשמר האזרחי, אבטחת מוסדות חינוך, אחזקת מקלטים, כיבוי אש ועוד.",,,
721,72,,EXPENDITURE,221,,TRUE,מינהל שמירה ובטחון,Guarding and Security Administration,Администрация охраны и безопасности,إدارة الحفظ والأمن,,,,
722,72,,EXPENDITURE,222,,TRUE,שמירה ביטחונית,Security Guard,,حارس أمن,,,,
7221,722,,EXPENDITURE,2221,,TRUE,משמר אזרחי,Civic Police/Guard,Гражданская охрана,الحرس المدني,,,,
723,72,,EXPENDITURE,223,,TRUE,הג״א,Civic Defense Force,Гражданская оборона,قوات الدفاع المدني,,,,
724,72,,EXPENDITURE,224,,TRUE,כבוי אש,Fire Fighting,Пожарная служба,مكافحة الحرائق,,,,
725,72,,EXPENDITURE,225,,TRUE,בטיחות,Safety,Безопасность,أمان,,,,
726,72,,EXPENDITURE,226,,TRUE,"מל״ח ופס""ח",Emergency services,,خدمات الطوارئ,,,,
7261,726,,EXPENDITURE,2261,,TRUE,מל״ח,Emergency services,,,,,,
7262,726,,EXPENDITURE,2262,,TRUE,"פס""ח",Emergency services,,,,,,
727,72,,EXPENDITURE,227,,TRUE,הגמ״ר,Civic Defense,,الدفاع المدني,,,,
729,72,,EXPENDITURE,229,,TRUE,כסוי הוצאות לשעת חירום, Expenses in State of Emergency,,تغطية النفقات الطارئة,,,,
73,7,,EXPENDITURE,23,,TRUE,תכנון ובנין עיר,Urban Planning and Construction,,التخطيط وتقسيم المناطق,"הוצאות הרשות על שכר, מחשוב וציוד עבור אגף תכנון ובנין ברשות. ",,,
731,73,,EXPENDITURE,231,,TRUE,משרד מהנדס הרשות,Municipal Engineer's Office,,مكتب مهندس السلطة,"הוצאות הרשות על שכר, מחשוב ותפעול אגף מהנדס הרשות, היחידה לתכנון אסטרטגי ופרויקטים הנדסיים שונים",,,
732,73,,EXPENDITURE,232,,TRUE,תכנון עיר,Urban Planning,,تخطيط المدن,"הוצאות הרשות עבור שכר ותפעול אגף תכנון, כולל שימור מבנים, מדידות, מיפוי  ותצלומי אוויר. ",,,
7321,732,,EXPENDITURE,2321,,TRUE,תכנון כללי,General Planning,,التخطيط العام,,,,
7322,732,,EXPENDITURE,2322,,TRUE,תוכנית אב,Master Plan,,خطة رئيسية,,,,
7323,732,,EXPENDITURE,2323,,TRUE,מדידות,Land Survey Measurements,,قياسات,,,,
733,73,,EXPENDITURE,233,,TRUE,רישוי ופיקוח על הבניה,Construction Lisencing and Supervision,,منح التراخيص والإشراف على البناء,"הוצאות הרשות עבור אגף רישוי ובנייה, כולל פיקוח על הבנייה, בקרה ותיעוד שלה, רישוי עסקים ועוד. ",,,
7331,733,,EXPENDITURE,2331,,TRUE,"אגרות, רישיונות בניה",Construction Lisencing Fees,,الرسوم، وتراخيص البناء,,,,
7332,733,,EXPENDITURE,2332,,TRUE, פקוח על הבניה,Construction Supervision,,الإشراف على البناء,,,,
7333,733,,EXPENDITURE,2333,,TRUE,פיקוח על בנינים מסוכנים,Dangerous Buildings Supervsion,,الإشراف على المباني الخطرة,,,,
7334,733,,EXPENDITURE,2334,,TRUE,ועדה מקומית לתכנון ובניה,Local Planning and Construction Committee,,اللجنة المحلية للتخطيط والبناء,,,,
74,7,,EXPENDITURE,24,,TRUE,נכסים ציבוריים,Public Assets,,ممتلكات عامة,"הוצאות הרשות עבור תחזוקה שוטפת של נכסי העיר, לרבות דרכים ומדרכות, רמזורים ותאורת רחובות, גנים ומבנים ציבוריים.",,,
741,74,,EXPENDITURE,241,,TRUE,מינהל נכסים ציבוריים,Public Assets Administration,,إدارة ممتلكات عامة,"הוצאות הרשות הכוללות שכר,ציוד ומחשוב עבור מנהל נכסים ציבוריים. ",,,
742,74,,EXPENDITURE,242,,TRUE,דרכים ומדרכות,Roads and Pavements,,طرق والأرصفة,"הוצאות הרשות על תיקונים ואחזקה של כבישים, דרכים, מדרכות ושווקים בשטחה. ",,,
7421,742,,EXPENDITURE,2421,,TRUE,אחזקת כבישים עורקים,Main Road Maintenance,,صيانة الطرق الشريانية,,,,
7422,742,,EXPENDITURE,2422,,TRUE,אחזקת כבישים פנימיים ומדרכות,Internal Road and Pavement Maintenance,,صيانة الطرق الداخلية والأرصفة,,,,
743,74,,EXPENDITURE,243,,TRUE,תאורת רחובות,Street Lighting,,إنارة الشوارع,הוצאות הרשות על שכר וציוד עבור התקנה ואחזקה של תאורת רחובות בשטחה. ,,,
744,74,,EXPENDITURE,244,,TRUE,בטיחות בדרכים,Road Safety,,أمن في الطرق,"הוצאות הרשות על שכר וציוד עבור מטה בטיחות בדרכים, התקנה ואחזקה של אביזרי תנועה , שלטים, תמרורים וסימוני כבישים.",,,
7441,744,,EXPENDITURE,2441,,TRUE,תחזוקת רמזורים ואיי תנועה,Traffic Light and Road Isle Maintenance,,صيانة إشارات المرور وجزر الحركة ,,,,
7442,744,,EXPENDITURE,2442,,TRUE,תחזוקת מעברים תת קרקעיים וגשרים,Underground Passage and Bridge Maintenance,,صيانة الأنفاق والجسور,,,,
7443,744,,EXPENDITURE,2443,,TRUE,מעקות ואמצעי בטיחות,Balisters and Safety Devices,,السور وتدابير السلامة,,,,
7444,744,,EXPENDITURE,2444,,TRUE,שלטים תמרורים וסימוני כבישים,"Sign Posts, Traffic Sings, and Road Marking",,علامات الطريق  وإشارات المرور,,,,
7445,744,,EXPENDITURE,2445,,TRUE,מטה בטיחות עירוני,Municipal Safety Headquaeters,,قيادة السلامة البلدية,,,,
745,74,,EXPENDITURE,245,,TRUE,תיעול וניקוז,Canalization and Drainage,,المجاري والصرف,"הכנסות עצמיות של הרשות מהיטלי תיעול קרקע שמשלמים בעלי נכסים ברשות, עבור אחזקה וחידוש של תשתיות התיעול והניקוז של מים וביוב בקרקע עליה עומד הנכס.",,,
746,74,,EXPENDITURE,246,,TRUE,גנים ונטיעות,Parks and Planting,,حدائق وزراعة,"החזרי הוצאות של הרשות מביצוע עבודות שונות שקשורות בשיפור פני העיר, הכנסות ממכירת סכך ועוד.",,,
7461,746,,EXPENDITURE,2461,,TRUE,גינות ציבוריות,Public Parks,,حدائق عامة,,,,
7462,746,,EXPENDITURE,2462,,TRUE,טיפוח פינות נוי,Street Flora Cultivation,,العناية بزوايا زخرفية,,,,
7463,746,,EXPENDITURE,2463,,TRUE,מזרקות ואלמנטי רחוב אומנותיים,Water Fountains and Art Street Elements ,,نوافير وعناصر شارع فنية,,,,
7464,746,,EXPENDITURE,2464,,TRUE,ריהוט רחוב ומתקני משחקים,Street furniture and Game Installations,,أثاث الشوارع ومعدات الملعب,,,,
747,74,,EXPENDITURE,247,,TRUE,"חופים, בריכות ומרחצאות","Beaches, Pools and Public Baths",,"شواطئ, برك سباحة والحمامات",הכנסות עצמיות של הרשות מדמי כניסה לבריכות שחייה וחופי רחצה בתחומה,,,
7472,747,,EXPENDITURE,2472,,TRUE,חופי רחצה,Beaches ,,شواطئ,,,,
7473,747,,EXPENDITURE,2473,,TRUE,בריכות שחיה,Swimming Pools,,برك سباحة ,,,,
7474,747,,EXPENDITURE,2474,,TRUE,מרחצאות,Public Baths,,حمامات,,,,
748,74,,EXPENDITURE,248,,TRUE,בתי עלמין,Cemeteries,,مقابر,"הכנסות הרשות משירותי קבורה בבתי עלמין שבשטחה.לדוגמא- החזרים מביטוח לאומי ואגרות שמשולמות ע""י חברה קדישא
הערה- בחלק מהרשויות פועלים תאגידים המספקים שירותי קבורה שהכנסותיהם אינם מתבטאות בתקציב הרשות",,,
749,74,,EXPENDITURE,249,,TRUE,נכסים ציבוריים אחרים,Other Public Assets,,الأصول العامة الأخرى,,,,
75,7,,EXPENDITURE,25,,TRUE,חגיגות מבצעים ואירועים,"Celebrations, Projects and Events",,احتفالات كبيرة واحداث,"הכנסות עצמיות של הרשות מחגיגות יום העצמאות ואירועים אחרים, וכן השכרת ציוד לאירועים",,,
751,75,,EXPENDITURE,251,,TRUE,חגיגות יום העצמאות,Independence Day Celebration,,احتفالات عيد الاستقلال,,,,
752,75,,EXPENDITURE,252,,TRUE,חגיגות וטכסים אחרים,Celebrations and other Ceremonies,,الاحتفالات وغيرها من الطقوس,,,,
753,75,,EXPENDITURE,253,,TRUE,פעולות אימוץ,Adoption Events/Activities,,تطبيقات تبني,,,,
754,75,,EXPENDITURE,254,,TRUE,קשרים בינלאומיים,International Relations,,علاقات دولية,,,,
756,75,,EXPENDITURE,256,,TRUE,כנסים ואירועים בינלאומיים,International Conferences and Events,,المؤتمرات الدولية,,,,
76,7,,EXPENDITURE,26,,TRUE,שירותים עירוניים שונים,Various Municipal Services,,خدمات حضرية مختلفة,"הכנסות שונות משירותים עירוניים כגון אגרות בתי משפט, פעילות ארכיונים עירוניים ומכירת שירותים שונים. ",,,
761,76,,EXPENDITURE,261,,TRUE,מוקד עירוני,Municipal Help Center/call line,,مركز حضري,,,,
762,76,,EXPENDITURE,262,,TRUE,מידע לציבור,Information for the Public,,معلومات للجمهور,"השתתפות ממשלה ומוסדות שונים באספקת מידע לציבור, לדוגמה- מענק משרד הביטחון עבור הכוונת חיילים משוחררים.",,,
764,76,,EXPENDITURE,264,,TRUE,תרבות הדיור,Association for the Culture of Living,,ثقافة السكن,הכנסות עצמיות של הרשות מאגרות ועדי בתים ,,,
765,76,,EXPENDITURE,265,,TRUE,מוסדות כלליים,General Institutions,,المؤسسات العامة,"הוצאות הרשות עבור הנחות במיסים ותמיכה במוסדות שפועלים בתחומיה בנושאי בריאות ורווחה, איכות סביבה, מיעוטים ועוד. ",,,
766,76,,EXPENDITURE,266,,TRUE,ועדים מקומיים,Local Committees,,اللجان المحلية,"תשלומי תמיכה של הרשות בועדים עירוניים במועצות האזוריות. ועד מקומי הוא גוף מנהל ומבצע הקיים בכל ישוב במועצה אזורית, ופועל במקביל ובכפוף למועצה האזורית אליה הוא משתייך.
הערה- חלק מהוצאות הרשות עבור ועדים מקומיים נרשמות תחת תחומי ההוצאה השונים ",,,
767,76,,EXPENDITURE,267,,TRUE,בטוח אלמנטרי לרשות,Municipality Elementary Insurance ,,بلدية التأمين الابتدائية,"הוצאות עבור ביטוחי מבנים ורכוש של הרשות. 
הערה- חלק מהרשויות מפזרות את סעיפי הביטוח במחלקות השונות.",,,
768,76,,EXPENDITURE,268,,TRUE,מפעם - מרכז הדרכה אזורי,Mif'am - Regional Training Center,,مفعم -مركز الإرشاد الإقليمي,,,,
769,76,,EXPENDITURE,269,,TRUE,שירותים שונים,Various Services,,الخدمات المختلفة,הוצאות הרשות עבור שירותים שונים המשתנים בין רשות לרשות,,,
77,7,,EXPENDITURE,27,,TRUE,פיתוח כלכלי,Economic Development,,التنمية الاقتصادية,"הוצאות עבור פעילות שמעודדת תעשייה ותיירות  ברשות, כגון תפעול ופרסום אזורים מניבי עסקים בתחומי הרשות, והוצאות למיזמים מיוחדים דוגמת פרויקט אופניים ברשות.",,,
771,77,,EXPENDITURE,271,,TRUE,עידוד קייט ותיירות,Recreation and Tourist Promotion,,الترفيه والدعم السياحي,,,,
772,77,,EXPENDITURE,272,,TRUE,עידוד תעשיה ומלאכה,Industry and Handicraft Promotion,,تشجيع الصناعة والحرف اليدوية,,,,
773,77,,EXPENDITURE,273,,TRUE,חברות עירוניות,Municipal Companies/Corporates,,الشركات البلدية,,,,
7731,773,,EXPENDITURE,2731,,TRUE,הון מניות,Shares Capital,,رأس المال,,,,
7732,773,,EXPENDITURE,2732,,TRUE,הלוואות בעלים ושטרי הון,Owners' Loans and Capital Notes,,قروض المساهمين، وتلاحظ العاصمة,,,,
78,7,,EXPENDITURE,28,,TRUE,פיקוח עירוני,Municipal Supervision,,تفتيش البلدية,"הוצאות הרשות על שכר, ציוד ומחשוב עבור פיקוח ואכיפה של חוקי עזר עירוניים והשתתפות הרשות בהוצאות בתי המשפט העירוניים.",,,
781,78,,EXPENDITURE,281,,TRUE,פיקוח על חוקי עזר,Supervision of By-Laws,,الإشراف على اللائحة الداخلية,,,,
782,78,,EXPENDITURE,282,,TRUE,בית משפט עירוני,Municipal Court,,محكمة البلدية,,,,
79,7,,EXPENDITURE,29,,TRUE,שירותים חק לאיים,Agricultural Services,,خدمات للمزارعين,"הוצאות הרשות עבור שירותים חקלאיים, כולל הדברת מזיקים, תצפיות, עבודות ניקוז והדרכה חקלאית.",,,
791,79,,EXPENDITURE,291,,TRUE,מינהל שירותים חקלאים,Agricultural Services Administration,,إدارة خدمات المزارعين,,,,
792,79,,EXPENDITURE,292,,TRUE,שרות השדה,Field Service,,الخدمات الميدانية,,,,
793,79,,EXPENDITURE,293,,TRUE,מלחמה במזיקים לחקלאות,Fighting Harmful Insects to the Agriculture,,حرب الآفات الزراعية,,,,
794,79,,EXPENDITURE,294,,TRUE,תצפיות ותחנות ניסיונות,Observation and Experiment Sites,,مواقع المراقبة والتجربة,,,,
795,79,,EXPENDITURE,295,,TRUE,הדרכה חקלאית,Agricultural training/support,,التدريب الزراعي,,,,
796,79,,EXPENDITURE,296,,TRUE,עבודות ניקוז מקומי ואזורי,Local and Regional Drainage Works,,تصريف الأعمال المحلية والإقليمية,,,,
797,79,,EXPENDITURE,297,,TRUE,שמירת שדות,Field Guarding,,حفظ الحقول,,,,
799,79,,EXPENDITURE,299,,TRUE,שירותים חקלאיים אחרים,Other Agricaltural Services,,الخدمات الزراعية الأخرى,,,,
8,,,EXPENDITURE,3,,TRUE,שירותים ממלכתיים,State/Municipal Services,,الخدمات الحكومية,,,,
81,8,,EXPENDITURE,31,,TRUE,חינוך,Education,,تعليم,"הוצאות לחינוך משקפות את נפח הפעילות התקציבית של הרשות במתן שירותי חינוך.
",,,
811,81,,EXPENDITURE,311,,TRUE,מינהל החינוך,Educational Administration,,إدارة التعليم,"הוצאות הרשות עבור שכר, ציוד, מחשוב ותפעול מנהלי החינוך בתחומה. ",,,
812,81,,EXPENDITURE,312,,TRUE,חינוך קדם יסודי,Pre-School Education,,التعليم قبل المدرسي,"הוצאות הרשות עבור שכר גננות  וסייעות, ביטוח, ציוד, תפעול שוטף ותכניות שונות בגני חובה וטרום חובה, כולל פעוטונים, גני מועדון וצהרנים. ",,,
8121,812,,EXPENDITURE,,,TRUE,מינהל החינוך הקדם יסודי,Pre-School Education Administration,,إدارة التعليم قبل المدرسي,,,,
8122,812,,EXPENDITURE,3122,,TRUE,גני ילדים גיל חובה,Mandatory Kindergardens,,رياض الأطفال إلزامية,,,,
8123,812,,EXPENDITURE,3123,,TRUE,גני ילדים טרום חובה,Pre-Mandatory Kindergardens,,رياض الأطفال ما قبل الإلزامي,,,,
8124,812,,EXPENDITURE,3124,,TRUE,מעונות ופעוטונים,Day Care and Nursery Schools,,الرعاية النهارية ودور الحضانة المدارس,,,,
8125,812,,EXPENDITURE,3125,,TRUE,גני מועדון וצהרונים,Nursery School and After Nursery School Clubs,,نادي الحدائق وبرامج ما بعد المدرسة,,,,
8126,812,,EXPENDITURE,3126,,TRUE,גני ילדים לחינוך מיוחד,Special Education Kindergardens,,رياض الأطفال التربية الخاصة,,,,
8128,812,,EXPENDITURE,3128,,TRUE,קייטנה/חודש לימודים נוסף לגנ״י,Summer Camp/Additional School Month for Kindergardens,,مخيم صيفي / مدرسة إضافية شهر لرياض الأطفال,,,,
813,81,,EXPENDITURE,313,,TRUE,חינוך יסודי,Elementary Education,,التعليم الإبتدائي,"הוצאות הרשות עבור שכר שרתים ומזכירות, ציוד ותפעול בתי ספר יסודיים בתחומה. הסעיף כולל הוצאות עבור חינוך מיוחד לרבות הסעות ושכר סייעות טיפוליות. 
הערה- שכר המורים בחינוך היסודי משולם ישירות על ידי המדינה ואינו נכלל בתקציב הרשות.",,,
8131,813,,EXPENDITURE,3131,,TRUE,מינהל החינוך היסודי,Elementary Education Administration,,إدارة التعليم الابتدائي,,,,
8132,813,,EXPENDITURE,3132,,TRUE,בתי״ס יסודיים,Elementary Schools,,المدارس الابتدائية,,,,
8133,813,,EXPENDITURE,3133,,TRUE,חינוך מיוחד,Special Education,,التعليم الخاص,,,,
8134,813,,EXPENDITURE,3134,,TRUE,חוגים לתלמידים מחוננים ומוכשרים,After School Gifted and Abled Students' Classes,,فئات الطلبة الموهوبين والمتفوقين,,,,
8135,813,,EXPENDITURE,3135,,TRUE,ישיבות קטנות ותלמודי תורה,Small Yeshiva's and Talmud Toras,,الاجتماعات الصغيرة والتلمود التوراة,,,,
8136,813,,EXPENDITURE,3136,,TRUE,חינוך משלים בבתי״ס,Schools' Complementary Education,,التعليم التكميلي في المدارس,,,,
8137,813,,EXPENDITURE,3137,,TRUE,חוות חקלאיות,Agricultural Ranches,,المزارع,,,,
8138,813,,EXPENDITURE,3138,,TRUE,קייטנות לימודיות וחודש לימוד נוסף,Educational Summer Camps and Summer-Month Schools,,مخيمات تعليمية وشهر معرفة المزيد,,,,
814,81,,EXPENDITURE,314,,TRUE,חטיבות ביניים,Junior High Schools,,مدارس الأوسط,"הוצאות הרשות עבור שכר מורים ועובדי חטיבות הביניים, הוצאות תפעול שוטפות וכן הוצאות עבור פרויקטים מיוחדים בחטיבות הביניים, כגון מרכז ללקויות למידה ומערך תגבורים.  ",,,
815,81,,EXPENDITURE,315,,TRUE,חינוך על יסודי,Senior High Schools,,مدرسة ثانوية,"הוצאות הרשות עבור שכר עובדי החינוך העל יסודי, כולל מורים, ספרנים, שרתים ועובדי מנהל, ועבור חומרים, ציוד, אחזקה ופרויקטים מיוחדים המופעלים בחינוך העל יסודי.
הערה- התקציב אינו מבטא הוצאות עבור חינוך על יסודי ברשויות שמפעילות בתי ספר באמצעות מלכ""רים ציבוריים או פרטיים  ",,,
8151,815,,EXPENDITURE,3151,,TRUE,מינהל החינוך העל יסודי,Senior High Schools Administration,,إدارة التعليم الثانوي,,,,
8152,815,,EXPENDITURE,3152,,TRUE,בתי״ס על יסודיים עיוניים,Academic Senior High Schools,,المدارس الثانوية النظرية,,,,
8153,815,,EXPENDITURE,3153,,TRUE,בתי״ס ערב על יסודיים,Evening Senior High Schools,,المدارس المسائية للابتدائية,,,,
8154,815,,EXPENDITURE,3154,,TRUE,ישיבות תיכוניות אולפנות ומתיבתאות,"High School Yeshivas, Female Students' Religious High Schools and מתיבתאות",,"جلسات ثانوية אולפנות ומתיבתאות
",,,,
8155,815,,EXPENDITURE,3155,,TRUE,בתי״ס על יסודיים מקצועיים,Vocational Senior High Schools,,المدارس الثانوية والمهنية,,,,
8156,815,,EXPENDITURE,3156,,TRUE,בתי״ס על יסודיים חקלאיים,Agricultural Senior High Schools,,المدارس الثانوية الزراعية,,,,
8157,815,,EXPENDITURE,3157,,TRUE,בתי״ס על יסודיים מקיפים,Comprehensive Senior High Schools,,المدارس الابتدائية الشاملة,,,,
816,81,,EXPENDITURE,316,,TRUE,חינוך גבוה,Higher Education,,التعليم العالي,"הוצאות הרשות עבור השתתפות במימון מוסדות להשכלה גבוהה ומתן מלגות לסטודנטים באוניברסיטאות, מכללות, ישיבות, בתי ספר לאמנות ועוד.",,,
8162,816,,EXPENDITURE,3162,,TRUE,אוניברסיטאות,Universities,,الجامعات,,,,
8163,816,,EXPENDITURE,3163,,TRUE,מוסדות להשכלה טכנולוגית גבוהה,Technological Higher Education Institutions,,مؤسسات التعليم التكنولوجي الرفيع,,,,
8164,816,,EXPENDITURE,3164,,TRUE,ישיבות גבוהות וכוללים,High Yeshivas and כוללים,,المدارس الدينية اليهودية وتشمل,,,,
8165,816,,EXPENDITURE,3165,,TRUE,בתי מדרש למורים,Teachers' Colleges,,بيت مدراش للمعلمين,,,,
8166,816,,EXPENDITURE,3166,,TRUE,מכללות,Colleges,,الكليات,,,,
8167,816,,EXPENDITURE,3167,,TRUE,אמנות,Art,,فن,,,,
8168,816,,EXPENDITURE,3168,,TRUE,קרן מלגות עירונית,Municipal Scholarship Fund,,صندوق المنح الدراسية في المناطق الحضرية,,,,
817,81,,EXPENDITURE,317,,TRUE,שירותים נוספים לבתי״ס וגנ״י,Schools and Kindergardens Additional Services ,,خدمات للمدارس ورياض الأطفال,"הוצאות הרשות עבור שירותים שונים לבתי ספר וגני ילדים, לרבות שירותים פסיכולוגיים, שירותי רווחה בחינוך ושמירה במוסדות חינוך.",,,
8171,817,,EXPENDITURE,3171,,TRUE,קב״ט שמירח ובטחון מוסדות חינוך,Educational Institutions' Guard and Security Officer ,,ضابط أمن وأمن مؤسسات التعليم,"הוצאות הרשות עבור שירותי שמירה וביטחון במוסדות החינוך בתחומי הרשות. 
הערה- בחלק מהרשויות נרשמות הוצאות עבור אבטחת מוסדות חינוך תחת מנהל החינוך ",,,
8172,817,,EXPENDITURE,3172,,TRUE,מרכזית פדגוגית,Pedagogical Center,,مركز التربوية,"הוצאות הרשות עבור שכר עובדים, ציוד ואחזקת מרכזי הדרכה וייעוץ פדגוגיים ",,,
8173,817,,EXPENDITURE,3173,,TRUE,שרות פסיכולוגי חינוכי,Psychoeducational Service,,الخدمة النفسية التعليمية,"הוצאות הרשות עבור שירותים פסיכולוגיים במערכות החינוך בתחומה, לרבות שכר פסיכולוגים, השתלמויות, מחקרים, ציוד ותפעול המרכזים הפסיכולוגיים החינוכיים.",,,
8174,817,,EXPENDITURE,3174,,TRUE,שרות בריאות לתלמיד,Student Health Service,,خدمة الصحة الطلابية,"הוצאות הרשות עבור תפעול שירותי בריאות לתלמידים
הערה- לא כולל שכר אחות בית ספר",,,
8175,817,,EXPENDITURE,3175,,TRUE,בטוח תלמידים,Student Insurance,,تأمين الطلاب,"הוצאות הרשות עבור ביטוח תלמידים במערכות החינוך ברשות. 
הערה- בפועל, רוב הרשויות רושמות הוצאות עבור ביטוח במנהל החינוך או תחת חינוך יסודי, על יסודי וכו'.",,,
8176,817,,EXPENDITURE,3176,,TRUE,רווחה חינוכית,Educational Welfare Service,,الرعاية التعليمية,"הוצאות הרשות על שכר ועבודות קבלניות עבור תכניות רווחה בחינוך- לדוגמה פרוייקטים של שיקום שכונות, תכניות התערבות והעצמת נוער.",,,
8177,817,,EXPENDITURE,3177,,TRUE,קב״סים,School Attendance Officers,,ضباط الحضور في المدارس,"קב""סים= קציני ביקור סדיר. 
הוצאות הרשות עבור מעקב אחר תלמידים שנשרו מבתי ספר והחזרתם למסגרת לימודים",,,
8178,817,,EXPENDITURE,3178,,TRUE,הסעות ילדים,Children Transportation,,نقل الأطفال,"הוצאות הרשות עבור הסעות תלמידים וליווי בחינוך המיוחד, וכן הסעות לפרוייקטים מיוחדים בבתי ספר ובגנים. ",,,
8179,817,,EXPENDITURE,3179,,TRUE,שירותים אחרים,Other Services,,خدمات أخرى,"הוצאות הרשות עבור שירותים שונים בחינוך, דוגמת שיפוצים ופרוייקטים מיוחדים. ",,,
818,81,,EXPENDITURE,318,,TRUE,חינוך מבוגרים,Adult Education,,تعليم الكبار,הוצאות הרשות עבור אולפני שפה ומרכזי חינוך למבוגרים ,,,
819,81,,EXPENDITURE,319,,TRUE,שירותי חינוך מיוחדים,Special Educational Services,,خدمات التعليم الخاص,,,,
8191,819,,EXPENDITURE,3191,,TRUE,חינוך מוכר שאינו רשמי,Recognized Non-Municipal and Non-State Education,,التعليم المعترف بها ليس رسميا,,,,
82,8,,EXPENDITURE,32,,TRUE,תרבות,Culture,,ثقافة,"הוצאות הרשות עבור מנהל התרבות והספורט ומרכזים קהילתיים בתחומה, כולל הפעלה שוטפת של מתנ""סים, תנועות נוער, ספריות, מוזיאונים ומרכזי תרבות, וכן מימון אירועי תרבות, ספורט ואמנות מיוחדים.",,,
821,82,,EXPENDITURE,321,,TRUE,מינהל התרבות,Culture Administration,,إدارة الثقافة,,,,
822,82,,EXPENDITURE,322,,TRUE,פעולות תרבות,Culture Activities/initiatives/Events,,النشطات الثقافية,,,,
823,82,,EXPENDITURE,323,,TRUE,ספריות עירוניות,Municipal Libraries,,المكاتب المدينة,,,,
824,82,,EXPENDITURE,324,,TRUE,מתנ״סים,Community Centers,,مراكز اجتماعية,,,,
825,82,,EXPENDITURE,325,,TRUE,מוסיקה ומחול,Music and Dance,,الموسيقى والرقص,,,,
8251,825,,EXPENDITURE,3251,,TRUE,קונסרבטוריון,Music Conservatory,,موسيقى الكونسرفاتوار,,,,
8252,825,,EXPENDITURE,3252,,TRUE,תזמורת עירונית,Municipal Orchestra,,أوركسترا حضرية,,,,
8254,825,,EXPENDITURE,3254,,TRUE,מקהלה עירונית,Municipal Choir,,جوقة بلدية,,,,
826,82,,EXPENDITURE,326,,TRUE,מוקדי תרבות,Cultural Centers,,المراكز الثقافية,,,,
8261,826,,EXPENDITURE,3261,,TRUE,תיאטרונים,Theatres,,مسارح,,,,
8262,826,,EXPENDITURE,3262,,TRUE,מוזיאונים,Museums ,,متاحف,,,,
8263,826,,EXPENDITURE,3263,,TRUE,גן חיות,Zoo,,حديقة الحيوانات,,,,
8264,826,,EXPENDITURE,3264,,TRUE,מוקדי תרבות אחרים,Other Cultural Centers,,مراكز ثقافية أخرى,,,,
827,82,,EXPENDITURE,327,,TRUE,תרבות תורנית,Jewish Religious Culture,,الثقافة الدينية,,,,
828,82,,EXPENDITURE,328,,TRUE,נוער,Youth,,شباب,,,,
8281,828,,EXPENDITURE,3281,,TRUE,מינהל הנוער,Youth Administration,,ادارة الشباب,,,,
8282,828,,EXPENDITURE,3282,,TRUE,מוקדי הפעלת נוער,Youth Activation Administration,,مراكز  تشغيل الشباب,,,,
8283,828,,EXPENDITURE,3283,,TRUE,חוגי נוער,After school youth programs,,برامج الشباب,,,,
8284,828,,EXPENDITURE,3284,,TRUE,קייטנות נוער,Youth Summer Camps,,المخيمات الصيفية للشباب,,,,
8289,828,,EXPENDITURE,3289,,TRUE,תנועות נוער,Youth Movements,,حركات الشباب,,,,
83,8,,EXPENDITURE,33,,TRUE,בריאות,Health,,الصحة,"הוצאות הרשות על שכר, ציוד ותפעול שירותי בריאות בתחומה. כולל שירותים מנהליים, הפעלת מרפאות כלליות, שירותי סיעוד, מרפאות שיניים, טיפת חלב ופעילות מד""א. ",,,
832,83,,EXPENDITURE,332,,TRUE,מרפאות,Clinics,,عيادات,,,,
8321,832,,EXPENDITURE,3321,,TRUE,מרפאות יעוץ,Consultation Clinics,,عيادات تقسيم المناطق,,,,
8322,832,,EXPENDITURE,3322,,TRUE,מרפאות כלליות,General Clinics,,عيادات عامة,,,,
8323,832,,EXPENDITURE,3323,,TRUE,מרפאות שיניים,Dental Clinics,,عيادات الأسنان,,,,
8324,832,,EXPENDITURE,3324,,TRUE,תחנות אם וילד,Child and Mother Clinics,,عيادات الطفل والأم,,,,
833,83,,EXPENDITURE,333,,TRUE,בתי חולים,Hospitals,,المستشفيات,,,,
8331,833,,EXPENDITURE,3331,,TRUE,בתי חולים כלליים,General Hospitals,,المستشفيات العامة,,,,
8332,833,,EXPENDITURE,3332,,TRUE,בתי חולים אחרים,Other Hospitals,,مستشفيات أخرى,,,,
834,83,,EXPENDITURE,334,,TRUE,בתי ספר לאחיות,Nursing Schools,,مدارس التمريض,,,,
835,83,,EXPENDITURE,335,,TRUE,מוסדות בריאות אחרים,Other Health Institutions,,المؤسسات الصحية الأخرى,,,,
836,83,,EXPENDITURE,336,,TRUE,שירותי חירום ריפואים,Emergency Health Services,,الخدمات الطبية الطارئة,,,,
8361,836,,EXPENDITURE,3361,,TRUE,מד״א,Red David Shield,,ماجن دافيد أدوم,,,,
8362,836,,EXPENDITURE,3362,,TRUE,נט״ן,Intensive Care Unit,,وحدة العناية الطارئة,,,,
8363,836,,EXPENDITURE,3363,,TRUE,מוקד לתורנויות של רופאים,Physician call center,, مركز تناوب الأطباء,,,,
837,83,,EXPENDITURE,,,TRUE,פעולות מחקר,Reserach Activities,,عمليات بحوث,,,,
839,83,,EXPENDITURE,,,TRUE,מוסדות בריאות נתמכים,Supported Health Institutions,,المؤسسات الصحية المدعومة,,,,
84,8,,EXPENDITURE,34,,TRUE,רווחה,Wellfare,,الرعاية الاجتماعية,"הוצאות הרשות על שכר וציוד בעבור שירותי רווחה ברשות, כולל שירותים מנהליים, אחזקת מוסדות טיפול ושיקום במשפחות ונוער במצוקה, קשישים, בעלי צרכים מיוחדים ועוד.",,,
841,84,,EXPENDITURE,341,,TRUE,מינהל הרווחה,Wellfare,,إدارة الرعاية الاجتماعية,"הוצאות הרשות עבור שכר עובדים, ציוד, אחזקה ותפעול לשכות הרווחה ברשות.",,,
842,84,,EXPENDITURE,342,,TRUE,רווחת הפרט והמשפחה,Individal and Family Welfare,,رعاية الأسرة والفرد,"הוצאות הרשות עבור שכר עובדים, ציוד, אחזקה ותפעול מרכזי הדרכה וייעוץ למשפחות במצוקה, מקלטים לנשים מוכות, מרכזים למניעת אלימות ועוד. ",,,
8422,842,,EXPENDITURE,3422,,TRUE,צרכים מיוחדים,Special Needs,,الاحتياجات الخاصة,,,,
8424,842,,EXPENDITURE,3424,,TRUE,הדרכת משפחות,Family Guidance and Training,,الإرشاد الأسري,,,,
8425,842,,EXPENDITURE,3425,,TRUE,סמך מקצועי,Professional/Occupational Support,,الدعم المهني,,,,
843,84,,EXPENDITURE,343,,TRUE,שירותים לילד ולנוער,Child and Youth Services,,خدمات الأطفال والشباب,"הוצאות הרשות עבור שכר, ציוד ותפעול של פנימיות, משפחתונים ומעונות יום, ועבור הפעלת תוכניות שונות בתחום רווחת ילדים ונוער, דוגמת טיפול בילדים בסיכון וטיפול בפגיעות מיניות.  ",,,
8435,843,,EXPENDITURE,3435,,TRUE,פעולות קהילתיות,Community Activities,,الأنشطة المجتمعية,,,,
8438,843,,EXPENDITURE,3438,,TRUE,אחזקת ילדים בפנימיות,Keeping Children in Boarding Schools,,إبقاء الأطفال في المدارس الداخلية,,,,
8439,843,,EXPENDITURE,3439,,TRUE,אחזקת ילדים במעונות יום ואומנות יומיות,Keeping Children in Day Care and Day Foster Homes,,إبقاء الأطفال في الرعاية النهارية ودور الحضانة,,,,
844,84,,EXPENDITURE,344,,TRUE,שירותים לזקן,Services to the Elderly,,خدمات المسنين,"הוצאות הרשות עבור שכר, ציוד ותפעול של מעונות מוסדיים ומסגרות יומיות לקשישים, מעקב אחר חוק סיעוד ועבור שירותים בקהילה ופרויקטים מיוחדים דוגמת פרוייקט ניצולי שואה ותעסוקה לגיל השלישי. ",,,
8443,844,,EXPENDITURE,3443,,TRUE,שירותים לזקן - מוסדי,Services to the Elderly - Institutional,,خدمات المسنين - المؤسسية,,,,
8444,844,,EXPENDITURE,3444,,TRUE,שירותים לזקן - קהילתי,Services to the Elderly - Communal,,خدمات المسنين - المجتمع,,,,
8445,844,,EXPENDITURE,3445,,TRUE,תעסוקה ומרכזי יום לקשיש,Occupation and Day Centers for the Elderly,,توظيف والمراكز النهارية للمسنين,,,,
845,84,,EXPENDITURE,345,,TRUE,שירותים למפגר,Services for the Retarded,,خدمات للمعاقين,"הוצאות הרשות עבור שכר, ציוד ותפעול של מוסדות  ומרכזי טיפול ותעסוקה לבעלי פיגור ומוגבלויות.",,,
8451,845,,EXPENDITURE,3451,,TRUE,סידור מפגרים במוסדות,Placing Retarded People in Institutions,,تنظيم المعوقين في المؤسسات,,,,
8452,845,,EXPENDITURE,3452,,TRUE,סידור מפגרים במסגרות,Placing Retarded People in Other Programs,,تنظيم المعوقين في إطارات,,,,
8453,845,,EXPENDITURE,3453,,TRUE,יום שירותים למפגר - קהילתי,Day Services for the Retarded - communal,,خدمات يوم للمعاقين - اجتماعي,,,,
8454,845,,EXPENDITURE,3454,,TRUE,מפעלי תעסוקה למפגר ומע״ש,Occupational Plants for the Retarded and Maas??,,مصانع توظيف للمعاقين ,,,,
846,84,,EXPENDITURE,346,,TRUE,שירותי שיקום,Rehabilitation Services,,خدمات إعادة التأهيل,"הוצאות הרשות עבור שכר, ציוד ותפעול של שירותי שיקום, קהילה ותעסוקה לעוורים ובעלי מוגבלויות שונות",,,
8461,846,,EXPENDITURE,3461,,TRUE,שיקום העיוור - אחזקה במוסדות,Blind Rehabilitation - Keeping in Institutions,,إعادة تأهيل الأعمى-صيانة المؤسسات,,,,
8462,846,,EXPENDITURE,3462,,TRUE,שיקום העיוור - אחזקה,Blind Rehabilitation - Maintenance,,إعادة تأهيل الأعمى-صيانة,,,,
8463,846,,EXPENDITURE,3463,,TRUE,טיפול בעיוור בקהילה,Treating the Blind in the Community,,الرعاية المجتمعية للأعمى,,,,
8464,846,,EXPENDITURE,3464,,TRUE,מפעלי תעסוקה לעיוורים,Occupational Plants for the Blind,,مصانع توظيف للأعمى,,,,
8465,846,,EXPENDITURE,3465,,TRUE,נכים - שיקום במוסדות,Disabled - Rehabilitation in Institutions,,معاق - مؤسسات إعادة التأهيل,,,,
8466,846,,EXPENDITURE,3466,,TRUE,נכים - אחזקה במסגרות,Disabled - Keeping in Programs,,معاق - صيانة المؤسسات,,,,
8467,846,,EXPENDITURE,3467,,TRUE,יום נכים - טיפול בקהילה,Day Disabled - Treating in the Community,,يوم معاقين - الرعاية المجتمعية,,,,
8468,846,,EXPENDITURE,3469,,TRUE,נכים - שיקום במפעלי תעסוקה,Disabled - Rehabilitation in Occupational Factories,,معاق - إعادة التأهيل في مصانع توظيف,,,,
847,84,,EXPENDITURE,347,,TRUE,שירותי תיקון,Corrective Services,,خدمات إصلاح,"הוצאות הרשות עבור שכר, ציוד ותפעול של מפתנים ופרויקטים לטיפול בילדים ונוער במצוקה, פרויקטים למלחמה בסמים ואלכוהול ועוד.",,,
8471,847,,EXPENDITURE,3471,,TRUE,טיפול בחבורות רחוב ונוער במצוקה,Treating Street Gangs and At-Risk?? Hardship Youth,, علاج عصابات الشوارع والشباب المضطرب,,,,
8472,847,,EXPENDITURE,3472,,TRUE,חסות נוער,Youth Shelter Authority,,حماية الشباب,,,,
8473,847,,EXPENDITURE,3473,,TRUE,סמים,Drugs ,,المخدرات,,,,
8474,847,,EXPENDITURE,3474,,TRUE,מפתנים,Occupational Centers Miftan,,عتبات,,,,
848,84,,EXPENDITURE,348,,TRUE,עבודה קהילתית,Community Work,,العمل الاجتماعي,"הוצאות הרשות עבור שכר, ציוד ותפעול של מרכזים קהילתיים, הפעלת התנדבות בקהילה ופרויקטים של שיקום שכונות.",,,
8482,848,,EXPENDITURE,3482,,TRUE,מרכזים קהילתיים,Community Centers,,المراكز الاجتماعية,,,,
8483,848,,EXPENDITURE,3483,,TRUE,התנדבות,Volunteering,,تطوع,,,,
8484,848,,EXPENDITURE,3484,,TRUE,שרות יעוץ לאזרח שי״ל,Civic advisory service,,الخدمات الاستشارية المدنية,,,,
8485,848,,EXPENDITURE,3485,,TRUE,שיקום שכונות,Neighborhood Rehabilitation,,تجديد أحياء,,,,
849,84,,EXPENDITURE,349,,TRUE,שירותים לעולים,emmigrants services,,خدمات المهاجرين,הוצאות הרשות עבור מתן שירותי רווחה לאוכלוסיות עולים.,,,
85,8,,EXPENDITURE,35,,TRUE,דת,Religion,,دين,"הוצאות הרשות עבור שירותי דת כוללות השתתפות שוטפת של הרשות בתקציב המועצות הדתיות היהודיות בשטחה, המספקות שירותי דת כמו נישואין, כשרות ומקוואות וכן מתן שירותי דת שונים לדתות השונות בשטחה.",,,
851,85,,EXPENDITURE,351,,TRUE,השתתפות בתקציב המועצה הדתית,Participation in Religious Council Budget,,المشاركة في المجلس الديني الميزاني,,,,
852,85,,EXPENDITURE,352,,TRUE,שירותי דת לקראים,Religious Services for Karaim,,קראים?!,,,,
853,85,,EXPENDITURE,353,,TRUE,שירותי דת למוסלמים,Religious Services for Muslims,,الخدمات الدينية للمسلم,,,,
854,85,,EXPENDITURE,354,,TRUE,שירותי דת לעדות הנוצריות, Religious Services for Christian Groups,,الخدمات الدينية للطوائف المسيحية,,,,
855,85,,EXPENDITURE,355,,TRUE,שירותי דת לדרוזים,Religious Services for Drouses,,الخدمات الدينية للدرزي,,,,
856,85,,EXPENDITURE,356,,TRUE,שירותי דת יהודיים כללים, General Jewish Religious Services,,الخدمات الدينية اليهودية العامة,,,,
857,85,,EXPENDITURE,357,,TRUE,שירותי דת במועצות אזוריות,Religious Services in Regional Municipalities,,الخدمات الدينية في المجالس الإقليمية,,,,
859,85,,EXPENDITURE,359,,TRUE,שירותי דת שונים,Various Religious Services,,الخدمات الدينية المختلفة,,,,
86,8,,EXPENDITURE,36,,TRUE,קליטת עליה,emmigrant Absorption,,استيعاب المهاجرين,"הוצאות הרשות עבור מתן שירותי קליטה, כולל הפעלת מוקדי קליטה לעולים ותכניות שונות לאוכלוסיות עולים בשטחה. לדוגמא- פרויקט מנהיגות צעירה לעולים מאתיופיה, תגבור לימודי לעולים ועוד.",,,
869,86,,EXPENDITURE,369,,TRUE,שירותים שונים לקליטת העלייה,Various Services for emmigrant Absorption,,خدمات مختلفة لاستيعاب المهاجرين,,,,
87,8,,EXPENDITURE,37,,TRUE,איכות הסביבה,Environmental Protection/Quality,,جودة البيئة,"הוצאות הרשות עבור שכר, ציוד ותפעול פרויקטים הקשורים לאיכות הסביבה. לדוגמא- פיתוח תוכנות לימודים ואירועים בנושא, הפרדת פסולת ועוד.",,,
879,87,,EXPENDITURE,379,,TRUE,שירותים נוספים לאיכות הסביבה,Additional Services for Environmental Protection,,خدمات أخرى لجودة البيئة,,,,
9,,,EXPENDITURE,4,,TRUE,מפעלים,Projects/Enterprises,,مصانع,,,,
91,9,,EXPENDITURE,41,,TRUE,מים,Water,,المياه,"הוצאות הרשות עבור שכר, ציוד ותפעול מחלקת המים ותאגיד המים הפועל בשטחה. 
הערה- ברוב הרשויות פועל כיום תאגיד מים. הוצאות התאגיד לא נרשמות בתקציב הרשות.",,,
911,91,,EXPENDITURE,411,,TRUE,מינהל המים,Water Administration,,إدارة المياه,,,,
912,91,,EXPENDITURE,412,,TRUE,גביה,Collection,,جمع,,,,
913,91,,EXPENDITURE,413,,TRUE,תפעול ואחזקת משק המים,Water Infrastructure Operation and Maintenance ,,تشغيل وصيانة المياه,,,,
9131,913,,EXPENDITURE,4131,,TRUE,קנית מים,Water Purchase,,شراء المياه,,,,
9132,913,,EXPENDITURE,4132,,TRUE,אחזקת מערכת הפקת מים,Water Production System Maintenance,,صيانة نظام إنتاج المياه,,,,
92,9,,EXPENDITURE,42,,TRUE,בתי מטבחיים,Slaughter Houses,,المسالخ,"הוצאות הרשות עבור שכר, ציוד ותפעול של בתי מטבחיים בשטחה. ",,,
922,92,,EXPENDITURE,422,,TRUE,בתי מטבחיים עירוניים,Municipal Slaughter Houses,,المسالخ البلدية,,,,
923,92,,EXPENDITURE,423,,TRUE,בתי מטבחיים באגוד ערים,Associated Municipal Slaughter Houses,,مسالخ البلدية المرتبطة,,,,
93,9,,EXPENDITURE,43,,TRUE,נכסים,Properties/Assets,,ممتلكات,"הוצאות הרשות עבור שכר עובדי אגף נכסי וקרקעות הרשות, הוצאות שמאות, מדידות פיקוח ורישום, תפעול שווקים ומבני ציבור. ",,,
931,93,,EXPENDITURE,431,,TRUE,מינהל הנכסים,Properties/Assets Administration,,إدارة الممتلكات,,,,
932,93,,EXPENDITURE,432,,TRUE,דירות,Apartments,,الشقق,,,,
933,93,,EXPENDITURE,433,,TRUE,משרדים ועסקים,Offices and Businesses,,المكاتب والشركات,,,,
934,93,,EXPENDITURE,434,,TRUE,מבני מלאכה ותעשיה,Industrial and Craft Buildings,,ورشة عمل والصناعة,,,,
935,93,,EXPENDITURE,435,,TRUE,קרקעות,Lands,,الأراضي,,,,
936,93,,EXPENDITURE,436,,TRUE,אכסניות נוער,Youth Hostels,,بيوت الشباب,,,,
937,93,,EXPENDITURE,437,,TRUE,שווקים,Markets,,الأسواق,,,,
938,93,,EXPENDITURE,438,,TRUE,משרדי הרשות,Municipality Offices,,مكاتب السلطة,,,,
939,93,,EXPENDITURE,439,,TRUE,נכסים אחרים,Other Properties,,ممتلكات أخرى,,,,
94,9,,EXPENDITURE,44,,TRUE,תחבורה,Transportation,,وسيلة نقل,"הוצאות הרשות עבור שכר עובדי אגף תחבורה ברשות, הוצאות עבור הפעלה ותפעול של תחנות אוטובוסים, מדחנים ועוד.
הערה- בחלק מהרשויות נרשמות הוצאות בעבור תחבורה בסעיף 74 'נכסים ציבוריים' או 77 'פיתוח כלכלי'",,,
942,94,,EXPENDITURE,442,,TRUE,אוטובוסים,Buses,,الباصات,,,,
9421,942,,EXPENDITURE,4421,,TRUE,שרות אוטובוסים בהפעלת הרשות,Municipality-Operated Bus Service,,خدمة خدمة بتشغيل السلطة,,,,
9422,942,,EXPENDITURE,4422,,TRUE,שרות אוטובוסים ציבוריים,Public Bus Service,,خدمة الباصات العامة,,,,
9423,942,,EXPENDITURE,4423,,TRUE,תחנות אוטובוסים,Bus Stations,,محطات الباصات,,,,
943,94,,EXPENDITURE,443,,TRUE,חניה למכוניות,Vehicle Parking,,مواقف للسيارات,,,,
9431,943,,EXPENDITURE,4431,,TRUE,מגרשי חניה,Parking Lots,,مواقف,,,,
9432,943,,EXPENDITURE,4432,,TRUE,כרטיסי חניה ומדחנים,Parking Cards and Street Meters,,تذاكر وقوف السيارات وعدادات مواقف السيارات,,,,
944,94,,EXPENDITURE,444,,TRUE,חניה למוניות,Taxi Parking Lots,,مواقف لسيارات الأجرة,,,,
945,94,,EXPENDITURE,445,,TRUE,רכבות,Trains,,القطارات,,,,
95,9,,EXPENDITURE,45,,TRUE,מפעלי תעסוקה,Occupational Enterprises,,مصانع توظيف,"הוצאות הרשות עבור מפעלי תעסוקה מיוחדים, לדוגמה מפעלים המעסיקים בעלי מוגבלויות ",,,
96,9,,EXPENDITURE,46,,TRUE,חשמל,Electricity,,كهرباء,"הוצאות הרשות עבור תשתיות חשמל בשטחה.
 הערה- במרבית הרשויות, מפוזרות הוצאות הרשות עבור חשמל במחלקות השונות ",,,
97,9,,EXPENDITURE,47,,TRUE,מפעל הביוב,Sewage Plant,,مصنع لمياه الصرف الصحي,"הוצאות הרשות עבור שכר, ציוד ותפעול מחלקת הביוב ותאגיד הביוב הפועל בשטחה. 
הערה- ברוב הרשויות פועל כיום תאגיד ביוב, והוצאות עבור ביוב לא נרשמות בתקציב הרשות.",,,
971,97,,EXPENDITURE,471,,TRUE,מינהל הביוב,Sewage Administration,,إدارة مياه الصرف الصحي,,,,
972,97,,EXPENDITURE,472,,TRUE,ביוב עירוני,Municipal Sewage,,مياه الصرف الصحي في المناطق الحضرية,,,,
973,97,,EXPENDITURE,473,,TRUE,טיהור מי ביוב,Sewage Purification,,اعاده تدوير مياه الصرف الصحي,,,,
974,97,,EXPENDITURE,474,,TRUE,ריקון בורות שופכין,Sewage Home Pools Drainage,,تفريغ حفر النفايات ,,,,
98,9,,EXPENDITURE,48,,TRUE,מפעלים אחרים,Other Plants/Enrterprises,,مصانع أخرى,"הוצאות הרשות עבור שכר, ציוד ותפעול מפעלים אחרים בשטחה",,,
99,,,EXPENDITURE,59,,TRUE,תשלומים בלתי רגילים,Unusual Payments,,مدفوعات غير عادية,הוצאות הרשות עבור העברות לתקציב הבלתי רגיל (תקציב פיתוח) של הרשות והפרשות לקרנות תקציביות,,,
991,99,,EXPENDITURE,591,,TRUE,הפרשות לקרנות תקציביות,Provisions to Budgetary Funds,,أحكام لأموال الميزانية,הפרשות הרשות לקרנות שונות,,,
9911,991,,EXPENDITURE,5911,,TRUE,הפרשה לקרן למחסנים,Provision to Storage Fund,,المساهمات في المستودعات,,,,
9912,991,,EXPENDITURE,5912,,TRUE,הפרשה לקרן למניות,Provision to Shares/Stock Fund,,المساهمات في الأسهم,,,,
9913,991,,EXPENDITURE,5913,,TRUE,הפרשה לקרן הלוואות לעובדים,Provision to Employee Loan Fund,,المساهمات في قروض موظف,,,,
9914,991,,EXPENDITURE,5914,,TRUE,הפרשה לקרן גמ״ח לועדים מקומיים,Provision to Local Employees Committees' Non-Profit Loan Fund,,المساهمات في اللجان المحلية غير الربحية,,,,
9915,991,,EXPENDITURE,5915,,TRUE,הפרשה לקרן לחידוש רכב וציוד,Provision to Vehicle and Equipment Renewal,,المساهمات في تجديد المركبات والمعدات,,,,
9916,991,,EXPENDITURE,5916,,TRUE,הפרשה לקרן לשיכונים,Provision to Neighborhoods' Fund,,المساهمات في مشاريع الإسكان,,,,
9919,991,,EXPENDITURE,5919,,TRUE,הפרשה לקרנות אחרות,Provision to Other Funds,,المساهمات في الصناديق الأخرى,,,,
992,99,,EXPENDITURE,,,TRUE,רזרבה תקציבית (כולל התייקרויות),Budgetary Reserve (Including Price Rising),,ميزانية الاحتياطي (بما في ذلك الزيادات في الأسعار),"הוצאות הרשות עבור הוצאות בלתי צפויות, כולל הוצאות הנובעות מהתייקרויות במשק",,,
993,99,,EXPENDITURE,,,TRUE,תשלומים להחזר הכנסות מש . ק .,Payments for Revenues from ???,,مدفوعات سداد التكاليف للدخل ???????,החזרי הרשות עבור הכנסות משנים קודמות,,,
994,99,,EXPENDITURE,594,,TRUE,הוצאות מיוחדות ובלתי נצפות מראש,Special and Unexpected Expenses,,المصروفات الخاصة لغير المخطط لها,"סעיף עבור הוצאות בלתי צפויות מראש של הרשות. לדוגמא- תאונות עבודה, הוצאות משפטיות בלתי צפויות, התייקרויות ועוד.",,,
995,99,,EXPENDITURE,115;116;117,,TRUE,הנחות ממיסים לפי חוק או תקנות,Tax Discount by Law or By-Laws ,,خصم الضريبة بموجب القانون أو لوائح,"הוצאות הרשות עבור הנחות שניתנות בארנונה לאוכלוסייה הזכאית להנחות על פי חוק, לרבות אזרחים ותיקים, בעלי מוגבלויות, חיילים בשירות חובה ובעלי הכנסה נמוכה. 
הערה- חלק מהרשויות רושמות את ההנחות בארנונה כסעיף הוצאות, אל מול רישום ההכנסות הפוטנציאליות מארנונה בצד ההכנסות. לעומתן, רשויות אחרות רושמות את ההנחות בארנונה כסעיף הכנסות בלבד ",,,
999,99,,EXPENDITURE,599,,TRUE,העברות לכיסוי גרעון,Transfers for Deficit Recovery,,التحويلات لتغطية العجز,,,,
9991,999,,EXPENDITURE,5991,,TRUE,העברת מענק לכיסוי גרעון מצטבר,Transfer of Grant for Cummulative Deficit Recovery ,,نقل منح لتغطية العجز المتراكم,,,,
9992,999,,EXPENDITURE,5992,,TRUE,העברת עודף תקציבי לכיסוי גרעון,Transfer of Budgetary  for Deficit Recovery ,,نقل فائض الميزانية لتغطية العجز,,,,
9999,999,,EXPENDITURE,5999,,TRUE,העברת הלוואות לכיסוי גרעון,Transfer of Loans for Deficit Recovery,,نقل القروض لتغطية النقص,,,,
09,,,EXPENDITURE,,,TRUE,תקציבי עזר,Auxiliary Budgets,,ميزانيات المعونة,"הוצאות עבור שירותים הניתנים על ידי יחידה מיחידות הרשות  ליחידה אחרת של אותה רשות. התקציב מתאזן בתקציב היחידות המקבלות את השירות, ואינו נכלל בסך הכל של התשלומים בתקציב.",,,
091,09,,EXPENDITURE,,,TRUE,גמלאות ופיצויים,Pensions and Benefits/Compensations,,الفوائد والتعويض,,,,
092,09,,EXPENDITURE,,,TRUE,משרד הרשות ושירותים,Municipality Office and Services,,مكتب السلطة وخدمات,,,,
093,09,,EXPENDITURE,,,TRUE,מיכון,Mechanization/Automation ,,مكننة,,,,
094,09,,EXPENDITURE,,,TRUE,אפסנאות ומחסנים,Logistics and Storages,,حفظ المخزونات والمخازن,,,,
095,09,,EXPENDITURE,,,TRUE,בתי מלאכה,Workshops,,ورش العمل,,,,
096,09,,EXPENDITURE,,,TRUE,מוסך ורכב,Garage and Vehicles,,المرآب والمركبات,,,,
097,09,,EXPENDITURE,,,TRUE,שירותי הסעה והובלה,Transportation and Moving Services,,خدمات نقل والنقل,,,,
098,09,,EXPENDITURE,,,TRUE,החזקת נכסים ציבוריים,Maintenance Public Properties,,صيانة الأصول العامة,,,,
099,09,,EXPENDITURE,,,TRUE,פירעון מלוות,Loans Redemption,,سداد القروض,,,,
1,,,REVENUE,,,TRUE,מסים ומענק כללי,Taxes and General Grant,,الضرائب والجنرال جرانت,,,,
11,1,,REVENUE,,,TRUE,ארנונות,Property Tax,,الضرائب على الممتلكات,מס שנתי המוטל על תושבי הרשות המחזיקים בנכס על מנת לממן את פעילויות הרשות. ,,,
111,11,,REVENUE,,,TRUE,ארנונה כללית,General Property Tax,,ضريبة الأملاك العامة," הכנסות הרשות מתשלומי ארנונה למגורים ועסקים. תעריפי הארנונה קבועים בחוק ומחושבים על פי גודל הנכס, סוג הנכס ואזור החיוב.",,,
1111,111,,REVENUE,,,TRUE,ארנונה כללית למגורים - גביה שוטפת,General Residential Property Tax - Current Collection,,ضريبة الأملاك العامة للسكن - المجموعة الحالية,הכנסות שוטפות של הרשות מתשלומי התושבים עבור ארנונה למגורים.,,,
1112,111,,REVENUE,,,TRUE,ארנונה כללית למגורים - גביה מיתרת פיגורים,General Residential Property Tax - Collection from Late Payment Balance,,ضريبة الأملاك العامة للسكن- جمع متأخرات,הכנסות הרשות מתשלומי התושבים עבור ארנונה למגורים שלא שולמו במועד וצברו קנסות.,,,
1113,111,,REVENUE,,,TRUE,ארנונה כללית שלא למגורים גביה שוטפת,General Non-Residential Property Tax- Current Collection,,ضريبة الأملاك العامة ليس للسكن- المجموعة الحالية,"הכנסות שוטפות של הרשות מתשלומי ארנונה שאינה למגורים (עסקים, מבני ציבור וכדומה).",,,
1114,111,,REVENUE,,,TRUE,ארנונה כללית שלא למגורים גבית מיתרת פיגורים,General Non-Residential Property Tax- Collection from Late Payment Balance,,ضريبة الأملاك العامة ليس للسكن- جمع متأخرات,"הכנסות הרשות מתשלומי התושבים עבור ארנונה למגורים (עסקים, מבני ציבור וכדומה) שלא שולמו במועד וצברו קנסות",,,
112,11,,REVENUE,,,TRUE,הכנסות במקום ארנונה,Property Tax replacement Revenues ,,الدخل بدلا من الضرائب على الممتلكات,,,,
113,11,,REVENUE,,,TRUE,הנחות מימון (ארנונה מראש והסדרי תשלומים),Financing Discounts (Pre-Paid Property Tax and Payent Arrangements),,خصم التمويل (ترتيبات الدفع قبل الضرائب),הכנסות הרשות מארנונה ששולמה מראש ובמסגרת הסדר תשלומים בתעריף מוזל,,,
115,11,,REVENUE,,,TRUE,הנחות לזכאים,Discounts for Beneficiaries,,خصومات مؤهلة,"הכנסות הרשות מארנונה בתעריף מוזל, שמשולמת על ידי אוכלוסיה הזכאית להנחות על פי חוק, הכוללת אזרחים ותיקים, בעלי מוגבלויות, וחיילים בשירות חובה.
הערה- כיום, רוב הרשויות אינן רושמות בנפרד את סוגי ההנחות השונות. ",,,
116,11,,REVENUE,,,TRUE,הנחות ועדה בגין מצב חומרי,Committee Discounts Due to Phisical Condition,,خصومات اللجنة نظرا لحالة المادية,"הכנסות הרשות מארנונה בתעריף מוזל, שמשולמת על ידי אוכלוסיה הזכאית להנחות בגין מצב כלכלי על פי מבחן הכנסה וקבלת קצבה.
הערה- כיום, רוב הרשויות אינן רושמות בנפרד את סוגי ההנחות השונות. ",,,
117,11,,REVENUE,,,TRUE,הנחות ועדה אחרות,Other Committees Discounts,,خصومات اللجان الأخرى ,"הכנסות הרשות מארנונה בתעריף מוזל, שמשולמת על ידי ארגונים מתנדבים שקיבלו אישור בועדת ההנחות ברשות.
הערה- כיום, רוב הרשויות אינן רושמות בנפרד את סוגי ההנחות השונות. ",,,
12,1,,REVENUE,,,TRUE,אגרות,Fees,,الرسوم ,"הכנסות הרשות מתשלומי התושבים עבור אגרות שונות. לדוגמה- הנפקת תעודות ואישורים, רשיונות לשלטים ומודעות והפעלת עסקים בלילה.",,,
121,12,,REVENUE,,,TRUE,תעודות ואישורים,Documents and Certificates,,الشهادات والتصريحات,,,,
122,12,,REVENUE,,,TRUE,אגרת רשיונות לשלטים,Sign Lisences Fee,,رسوم الترخيص للاشارات,,,,
124,12,,REVENUE,,,TRUE,מודעות ופרסומים,Advertisements and Publications,,الإعلانات والمنشورات,,,,
1241,124,,REVENUE,,,TRUE,מודעות על לוחות,Advertisements on Billboards,,إعلانات على لوحات,,,,
1242,124,,REVENUE,,,TRUE,מודעות על בדי קולנוע,Advertisements on Cinema screens,,الإعلانات في صالات السينما,,,,
1243,124,,REVENUE,,,TRUE,מודעות על רכב ציבורי,Advertisements on Public Vehicles,,الإعلانات على المركبات العامة,,,,
1244,124,,REVENUE,,,TRUE,פרסום חוצות,Street Advertisements,,اعلان خارجى,,,,
1245,124,,REVENUE,,,TRUE,פרסום בכבלים,Cable Advertisements,,الإعلان على التلفزيون,,,,
129,12,,REVENUE,,,TRUE,אגרות שונות,Various Fees,,الرسوم المختلفة,,,,
13,1,,REVENUE,,,TRUE,היטלים,Levies,,الجبايات,"הכנסות עצמיות של הרשות מהיטלים עבור שירותים שונים
הערה- במרבית הרשויות נרשמות הכנסות עבור היטלים במחלקות ספציפיות כגון תברואה, איכות סביבה, מים ועוד.",,,
14,1,,REVENUE,,,TRUE,מכסות,Quotas,,الحصص,הכנסות הרשות מתשלומי מכסות המשולמות על ידי ועדים מקומיים במועצות אזוריות ואיגודי ערים בכלל הרשויות.,,,
141,14,,REVENUE,,,TRUE,מכסות הועדים המקומיים,Local Committees Quota,,حصص اللجان المحلية,"הכנסות הרשות מתשלומי מכסות של הועדים המקומיים במועצות האזוריות. ועד מקומי הוא גוף מנהל ומבצע הקיים בכל ישוב במועצה אזורית, ופועל במקביל ובכפוף למועצה האזורית אליה הוא משתייך.
הערה- הוצאות הרשות עבור ועדים מקומיים נרשמות תחת תחומי ההוצאה השונים ",,,
142,14,,REVENUE,,,TRUE,מכסות לאיגודי ערים,Municipal Associations Quota,,تغطية التجمعات السكانية,"הכנסות הרשות ממכסות המשולמות על ידי איגודי ערים שהיא חברה בהם. איגודי ערים הם התאגדויות של מספר רשויות מקומיות למטרת קידום מטרה משותפת בתחומים שונים, לדוגמא ביוב ומים, איכות סביבה וחינוך. האיגודים מספקים שירותים מקצועיים ותפעוליים לרשויות החברות בהם. 
הערה- הוצאות הרשות עבור איגודי ערים נרשמות תחת התחומים השונים השונים",,,
15,1,,REVENUE,,,TRUE,השתתפויות כלליות של מוסדות,General Participation of Institutions,,مشاركة عامة من المؤسسات,"הכנסות חיצוניות כלליות של הרשות ממוסדות שונים, דוגמת הסוכנות היהודית, ההסתדרות הכללית וביטוח לאומי.
הערה- השתתפות מוסדות ייעודית (שאינה כללית) עבור מחלקה מסוימת נרשמת במחלקות השונות של הרשות.",,,
155,15,,REVENUE,,,TRUE,השתתפות הסוכנות היהודית,Participation of the Jewish Agency,,مشاركة الوكالة اليهودية,,,,
156,15,,REVENUE,,,TRUE,השתתפות ההסתדרות הכללית,Participation of the General Worker Organization,,المشاركة في الاتحاد العام,,,,
157,15,,REVENUE,,,TRUE,השתתפות מוסדות אחרים,Participation of Other Institutes,,مشاركة المؤسسات الأخرى,,,,
16,1,,REVENUE,,,TRUE,הכנסות מימון,Financing Revenues,,دخل التمويل,"הכנסות מימון של הרשות כוללות הכנסות מריבית, הצמדה והפרשי שערים על תשלומים שהועברו לרשות.",,,
19,1,,REVENUE,,,TRUE,מענקים כלליים,General Grants,,المنح العامه,"מענקים שמועברים לרשות ממשרד הפנים, ביניהם 'מענק האיזון' שנועד עבור רשויות שהכנסותיהן אינן מספיקות על מנת לספק לתושביהן סל שירותים בסיסי. מענק האיזון מחושב על פי מצבה החברתי כלכלי של הרשות וגודלה, וניתן לרוב הגדול של הרשויות בישראל.",,,
191,19,,REVENUE,,,TRUE,מענק כללי לאיזון,General Balancing Grant,,المنح العامه لتوازن,,,,
192,19,,REVENUE,,,TRUE,מענקים חד פעמיים,One-Time Grants,,المنح لمرة واحدة,,,,
193,19,,REVENUE,,,TRUE,מענק חבירה (ירושלים),Capital Grant (Jerusalem),,منح العاصمة (القدس),,,,
194,19,,REVENUE,,,TRUE,מענק לקליטת העלייה,Emmigration Absorption Grant,,منحة هجرة الامتصاص,,,,
195,19,,REVENUE,,,TRUE,מענקי הסדר,Arrangement Grants,,ترتيب المنح,,,,
196,19,,REVENUE,,,TRUE,מענקים אחרים,Other Grants,,منح أخرى,,,,
197,19,,REVENUE,,,TRUE,מענק - רזרבה להתייקרות,Grant - Reserve for Price Rising,,منحة - احتياطي لزيادة في الأسعار,,,,
2,,,REVENUE,,,TRUE,שירותים מקומיים,Local Services,,الخدمات المحلية,,,,
21,2,,REVENUE,,,TRUE,תברואה,Sanitation,,الصرف الصحي,"הכנסות הרשות משירותים שקשורים בשירותי תברואה שהיא מספקת, דוגמת היטלי ביוב, פינוי פסולת והכנסות ממחזור. ",,,
212,21,,REVENUE,,,TRUE,שירותי ניקיון,Cleaning services,,خدمات التنظيف,הכנסות הרשות מאגרות שמשולמות עבור שירותי הניקיון שהיא מספקת. ,,,
2121,212,,REVENUE,,,TRUE,מינהל שירותי ניקיון,Cleaning services administration,,إدارة خدمات التنظيف,"הוצאות הרשות עבור שכר עובדים, ציוד וחומרים עבור מנהל שירותי הניקיון והפיקוח עליו. ",,,
2122,212,,REVENUE,,,TRUE,ניקוי רחובות,Street cleaning,,تنظيف الشوارع,הכנסות הרשות מצווי ניקוי שניתנים לתושבים על פי חוק שמירת הניקיון.  ,,,
2123,212,,REVENUE,,,TRUE,אסוף ובעור אשפה,Garbage collection and disposal,, جمع القمامة وحرقها,"הכנסות הרשות מאגרות פינוי אשפה ופסולת, מחזור נייר וקרטון, וכן העברות מתאגידי מחזור והפרדת פסולת הפועלים ברשות",,,
2124,212,,REVENUE,,,TRUE,ניקוי חצרות,Yard cleaning,,تنظيف الساحات,,,,
2125,212,,REVENUE,,,TRUE,בתי שימוש ציבוריים,Public toilets,,المراحيض العامة,הכנסות הרשות מדמי שימוש בשירותים ציבוריים,,,
213,21,,REVENUE,,,TRUE,פיקוח תברואי,Sanitation supervision,,الإشراف الصحي,הוצאות הרשות על שכר ותפעול עבודות פיקוח תברואי על עסקים ומוסדות ,,,
2131,213,,REVENUE,,,TRUE,מינהל הפיקוח התברואי,Sanitation supervision administration,,إدارة الإشراف الصحي,,,,
2132,213,,REVENUE,,,TRUE,פקוח תברואי כללי,General sanitation supervison,,الإشراف الصحي العام,,,,
2133,213,,REVENUE,,,TRUE,פיקוח על עסקים ומוסדות,Business and institutions supervison,,مراقبة الشركات والمؤسسات,,,,
214,21,,REVENUE,,,TRUE,שרות וטרינרי,Veterinary services,,الخدمات البيطرية,"הוצאות הרשות על שירותים וטרינריים, כולל שכר וטרינר, צרכים מנהליים של המרכזים הוטרינריים והוצאות למניעת כלבת. ",,,
2141,214,,REVENUE,,,TRUE,מינהל שרות וטרינרי,Veterinary services administration,,إدارة الخدمات البيطرية,,,,
2142,214,,REVENUE,,,TRUE,פיקוח וטרינרי,Veterinary supervison,,الإشراف البيطري,,,,
2143,214,,REVENUE,,,TRUE,מלחמה בכלבת,Fight against Rabies,,محاربة داء الكلب,,,,
215,21,,REVENUE,,,TRUE,תברואה מונעת,Preventive sanitation,,الصرف الصحي الوقائي,"הוצאות הרשות על שירותי תברואה מונעת, כולל הוצאות שכר וחומרים עבור ריסוס והדברה, פינוי  פגרים ולכידת נחשים.",,,
2151,215,,REVENUE,,,TRUE,מכירת חומרי תברואה,Sanitation products selling,,بيع المواد الصحية,,,,
2152,215,,REVENUE,,,TRUE,הדברת מחלות מדבקות,Epidemic disease extintion,,مكافحة الأمراض المعدية,,,,
2153,215,,REVENUE,,,TRUE,דמי שרות להדברת מזיקים,Pesticides service fee,,رسوم خدمة مكافحة الآفات,,,,
22,2,,REVENUE,,,TRUE,שמירה וביטחון,Guarding and security,,الحراسة والأمن,"הכנסות הרשות מביטחון כוללות השתתפות ממשלתית בהוצאות המשמר האזרחי, כיבוי אש ומשק לשעת חירום, מענקי פיקוד והגנה מרחבית ברשויות באזורי סיכון, וכן הכנסות עצמיות של הרשות, כגון דמי שימוש של תושבים במקלטים. ",,,
221,22,,REVENUE,,,TRUE,מינהל שמירה וביטחון,Guarding and security administration,,إدارة الحراسة والأمن,,,,
222,22,,REVENUE,,,TRUE,שמירה ביטחונית,Security guarding,,حراسة أمن,,,,
2221,222,,REVENUE,,,TRUE,משמר אזרחי,Civil Guard,,الحرس المدني,,,,
223,22,,REVENUE,,,TRUE,הג״א,Civil defence,,الدفاع المدني,,,,
224,22,,REVENUE,,,TRUE,כבוי אש,Fire service,,خدمة الحريق,,,,
225,22,,REVENUE,,,TRUE,בטיחות,Safety,, أمن,,,,
226,22,,REVENUE,,,TRUE,מל״ח ופס״ח,Emergency services,,خدمات الطوارئ,,,,
2261,226,,REVENUE,,,TRUE,מל״ ח,Emergency service,,خدمات الطوارئ,,,,
2262,226,,REVENUE,,,TRUE,פס״ח,Emergency service,,خدمات الطوارئ,,,,
227,22,,REVENUE,,,TRUE,הגמ״ר,Areal defence,,??,,,,
229,22,,REVENUE,,,TRUE,כסוי הוצאות לשעת חירום,Emergency expenditure coverage,,تغطية النفقات الطارئة,,,,
23,2,,REVENUE,,,TRUE,תכנון ובנין עיר,Urban planning and constructing,,التخطيط وتقسيم المناطق,"הכנסות עצמיות של הרשות מאגרות בנייה, היטלי השבחה, מכירת חוברות פרסום ועוד.",,,
231,23,,REVENUE,,,TRUE,משרד מהנדס הרשות,Local authority engineer office,,مكتب مهندس السلطة,"הכנסות הרשות ממכירה של חוברות ופרסומים, עמלות מתאגידי תכנון הנדסי והריסת מבנים מסוכנים.",,,
232,23,,REVENUE,,,TRUE,תכנון עיר,City planning,,تخطيط المدن,הכנסות עצמיות של הרשות מהיטלי השבחה עבור מבנים חדשים,,,
2321,232,,REVENUE,,,TRUE,תכנון כללי,General planning,,التخطيط العام,,,,
2322,232,,REVENUE,,,TRUE,תוכנית אב,Master Plan,,خطة رئيسية,,,,
2323,232,,REVENUE,,,TRUE,מדידות,Measurements / Land Surveys,,قياسات,,,,
233,23,,REVENUE,,,TRUE,רישוי ופיקוח על הבניה,Building supervison and licensing,,منح التراخيص والإشراف على البناء,"הוצאות הרשות עבור אגף רישוי ובנייה, כולל פיקוח על הבנייה, בקרה ותיעוד שלה, רישוי עסקים ועוד. ",,,
2331,233,,REVENUE,,,TRUE,"אגרות, רישיונות בניה","Fees, building licences",,الرسوم، وتراخيص البناء,,,,
2332,233,,REVENUE,,,TRUE, פקוח על הבניה,Construction supervision,,الإشراف على البناء,,,,
2333,233,,REVENUE,,,TRUE,פיקוח על בנינים מסוכנים,Dangeruos houses supervision,,الإشراف على المباني الخطرة,,,,
2334,233,,REVENUE,,,TRUE,ועדה מקומית לתכנון ובניה,Local planning and building committee,,اللجنة المحلية للتخطيط والبناء,,,,
24,2,,REVENUE,,,TRUE,נכסים ציבוריים,Public property/assets ,,ممتلكات عامة,"הוצאות הרשות עבור תחזוקה שוטפת של נכסי העיר, לרבות דרכים ומדרכות, רמזורים ותאורת רחובות, גנים ומבנים ציבוריים.",,,
241,24,,REVENUE,,,TRUE,מינהל נכסים ציבוריים,Public property/assets administration,,إدارة ممتلكات عامة,הכנסות עצמיות של הרשות מעבודות בינוי ותשתיות שונות,,,
242,24,,REVENUE,,,TRUE,דרכים ומדרכות,Ways and pavements,,طرق والأرصفة,השתתפות מוסדות והכנסות עצמיות של הרשות מהיטלי סלילת כבישים וריצוף מדרכות.,,,
2421,242,,REVENUE,,,TRUE,כבישים עורקיים,Arterial roads,,صيانة الطرق الشريانية,,,,
2422,242,,REVENUE,,,TRUE,כבישים פנימיים ומדרכות,Internal roads and pavements,,صيانة الطرق الداخلية والأرصفة,,,,
243,24,,REVENUE,,,TRUE,תאורת רחובות,Street lights,,إنارة الشوارع,"הכנסות הרשות מתאורת רחובות, לדוגמא- תמיכה ממשלתית בפרויקט לחסכון בתאורת חוץ.",,,
244,24,,REVENUE,,,TRUE,בטיחות בדרכים,Road safety,,أمن في الطرق,השתתפות משרד התחבורה במרכזי הדרכה ומטה בטיחות בדרכים של הרשות,,,
2441,244,,REVENUE,,,TRUE,רמזורים ואיי תנועה,Traffic Lights and Road Isles,,إشارات المرور وجزر الحركة ,,,,
2442,244,,REVENUE,,,TRUE,מעברים תת קרקעיים וגשרים,Covered/Underground Passages and Bridges,,صيانة الأنفاق والجسور,,,,
2443,244,,REVENUE,,,TRUE,מעקות ואמצעי בטיחות,Banisters and Safety Devices,,السور وتدابير السلامة,,,,
2444,244,,REVENUE,,,TRUE,שלטים תמרורים וסימוני כבישים,Sign Posts Trafiic Signs and Road Marking,,علامات الطريق  وإشارات المرور,,,,
2445,244,,REVENUE,,,TRUE,מטה בטיחות עירוני,Municipal Safety Command,,قيادة السلامة البلدية,,,,
245,24,,REVENUE,,,TRUE,תיעול וניקוז,Canalization and Drainage,,المجاري والصرف,"הכנסות עצמיות של הרשות מהיטלי תיעול קרקע שמשלמים בעלי נכסים ברשות, עבור אחזקה וחידוש של תשתיות התיעול והניקוז של מים וביוב בקרקע עליה עומד הנכס.",,,
246,24,,REVENUE,,,TRUE,גנים ונטיעות,Gardens and Planting,,حدائق وزراعة,"החזרי הוצאות של הרשות מביצוע עבודות שונות שקשורות בשיפור פני העיר, הכנסות ממכירת סכך ועוד.",,,
2461,246,,REVENUE,,,TRUE,גינות ציבוריות,Public Parks,,حدائق عامة,,,,
2462,246,,REVENUE,,,TRUE,טיפוח פינות נוי,Butifiying Floral Street ,,العناية بزوايا زخرفية,,,,
2463,246,,REVENUE,,,TRUE,מזרקות ואלמנטי רחוב אומנותיים,Fountains and Art Street Elememts,,نوافير وعناصر شارع فنية,,,,
2464,246,,REVENUE,,,TRUE,ריהוט רחוב ומתקני משחקים,Street Furniture and Playground Installations,,أثاث الشوارع ومعدات الملعب,,,,
247,24,,REVENUE,,,TRUE,"חופים, בריכות ומרחצאות","Beaches, Public Pools and Baths",,"شواطئ, برك سباحة والحمامات",הכנסות עצמיות של הרשות מדמי כניסה לבריכות שחייה וחופי רחצה בתחומה,,,
2472,247,,REVENUE,,,TRUE,חופי רחצה,Public beaches,,شواطئ,,,,
2473,247,,REVENUE,,,TRUE,בריכות שחיה,Pools,,برك سباحة ,,,,
2474,247,,REVENUE,,,TRUE,מרחצאות,Baths,,حمامات,,,,
248,24,,REVENUE,,,TRUE,בתי עלמין,Cementeries,,مقابر,"הכנסות הרשות משירותי קבורה בבתי עלמין שבשטחה.לדוגמא- החזרים מביטוח לאומי ואגרות שמשולמות ע""י חברה קדישא
הערה- בחלק מהרשויות פועלים תאגידים המספקים שירותי קבורה שהכנסותיהם אינם מתבטאות בתקציב הרשות",,,
249,24,,REVENUE,,,TRUE,נכסים ציבוריים,Public Properties,,الأصول العامة الأخرى,,,,
25,2,,REVENUE,,,TRUE,חגיגות מבצעים ואירועים,Celebrations Projects and Evenets,,احتفالات كبيرة واحداث,"הכנסות עצמיות של הרשות מחגיגות יום העצמאות ואירועים אחרים, וכן השכרת ציוד לאירועים",,,
251,25,,REVENUE,,,TRUE,חגיגות יום העצמאות,Independence Day Celebraions,,احتفالات عيد الاستقلال,,,,
252,25,,REVENUE,,,TRUE,חגיגת וטכסים אחרים,Other Celebrations and Rites,,الاحتفالات وغيرها من الطقوس,,,,
253,25,,REVENUE,,,TRUE,פעולות אימוץ,Adoption Activities,,تطبيقات تبني,,,,
254,25,,REVENUE,,,TRUE,קשרים בינלאומיים,International Relations,,علاقات دولية,,,,
256,25,,REVENUE,,,TRUE,כנסים ואירועים בינלאומיים,International Conferences and Events,,المؤتمرات الدولية,,,,
26,2,,REVENUE,,,TRUE,שירותים עירוניים שונים,Various Municipal Services,,خدمات حضرية مختلفة,"הכנסות שונות משירותים עירוניים כגון אגרות בתי משפט, פעילות ארכיונים עירוניים ומכירת שירותים שונים. ",,,
261,26,,REVENUE,,,TRUE,מוקד עירוני,Municipal Emergency Center,,مركز حضري,,,,
262,26,,REVENUE,,,TRUE,מידע לציבור,Public Information,,معلومات للجمهور,"השתתפות ממשלה ומוסדות שונים באספקת מידע לציבור, לדוגמה- מענק משרד הביטחון עבור הכוונת חיילים משוחררים.",,,
263,26,,REVENUE,,,TRUE,השתת' בהוצאות מועצות אזוריות,Participation in Regional Councils' Expenses,,المشاركة في نفقات المجالس الإقليمية,,,,
264,26,,REVENUE,,,TRUE,תרבות הדיור,Association for the Culture of Living,,الثقافة والإسكان,הכנסות עצמיות של הרשות מאגרות ועדי בתים ,,,
265,26,,REVENUE,,,TRUE,מוסדות כלליים,General Institutes,,المؤسسات العامة,,,,
266,26,,REVENUE,,,TRUE,ועדים מקומיים,Local Committees,,اللجان المحلية,,,,
267,26,,REVENUE,,,TRUE,בטוח אלמנטרי לרשות,Municipality's Elementary Insurance,,بلدية التأمين الابتدائية,החזרים כספיים מחברות ביטוח לרשות,,,
268,26,,REVENUE,,,TRUE,מפעם - מרכז הדרכה אזורי,Mifam - Regional Guidance Center,,مفعم -مركز الإرشاد الإقليمي,,,,
269,26,,REVENUE,,,TRUE,הכנסות שונות,Various Incomes,,المدخولات المختلفة,"הכנסות משירותים שונים כמו אגרות בתי משפט ומכרזים, החזרים מביטוח לאומי, פעילות ארכיונים ומכירת תוכנות ושירותים.",,,
27,2,,REVENUE,,,TRUE,פיתוח כלכלי,Economical Development,,التنمية الاقتصادية,"הכנסות עצמיות של הרשות שנובעות מתהליכי עידוד תעשייה ותיירות, וכן השתתפות משרדי התיירות והתרבות בפרויקטים שונים לעידוד תעשייה ותיירות.",,,
271,27,,REVENUE,,,TRUE,עידוד קייט ותיירות,Recreation and Tourism Promotion,,الترفيه والدعم السياحي,,,,
272,27,,REVENUE,,,TRUE,ייעד תעשיה ומלאכה,Industry and Craft ??,,تشجيع الصناعة والحرف اليدوية,,,,
273,27,,REVENUE,,,TRUE,חברות עירוניות,Municipal Companies,,الشركات البلدية,,,,
2731,273,,REVENUE,,,TRUE,הון מניות,Shares Capital ,,رأس المال,,,,
2732,273,,REVENUE,,,TRUE,הלוואות בעלים ושטרי הון,Owners' Loans and Capital Notes,,قروض المساهمين، وتلاحظ العاصمة,,,,
28,2,,REVENUE,,,TRUE,פיקוח עירוני,Municipal Supervision,,تفتيش البلدية,"הכנסות עצמיות של הרשות מקנסות שמשלמים תושביה בעבור רשיונות לשלטים ומודעות, תכנון ובנייה, רישוי עסקים, קנסות חניה וגרירת רכבים. 
הערה- בחלק מהרשויות נרשמת הכנסות בגין קנסות חניה בסעיפי 'תחבורה' 443",,,
281,28,,REVENUE,,,TRUE,פיקוח על חוקי עזר,By-Laws Supervision,,الإشراف على اللائحة الداخلية,,,,
282,28,,REVENUE,,,TRUE,בית משפט עירוני,Municipal Court,,محكمة البلدية,,,,
29,2,,REVENUE,,,TRUE,שירותים חקלאיים,Agricultural Services,,خدمات للمزارعين,השתתפות משרד החקלאות ומוסדות נוספים בהוצאות הרשות עבור שירותים חקלאיים שונים.  ,,,
291,29,,REVENUE,,,TRUE,ארנונה כללית על אדמה חקלאית,General Property Tax on Agricultural Land,,إدارة خدمات المزارعين,,,,
292,29,,REVENUE,,,TRUE,שרות השדה,Field Service,,الخدمات الميدانية,,,,
293,29,,REVENUE,,,TRUE,מלחמה במזיקים לחקלאות,Fight against Agri Pests,,حرب الآفات الزراعية,,,,
294,29,,REVENUE,,,TRUE,תצפיות ותחנות ניסיוניות,Observations and Experimental Stations/Ranches,,مواقع المراقبة والتجربة,,,,
295,29,,REVENUE,,,TRUE,הדרכה חקלאית,Agricultural Guidance,,التدريب الزراعي,,,,
296,29,,REVENUE,,,TRUE,עבודות ניקוז מקומי ואזורי,Local and Regional Drainage Works,,تصريف الأعمال المحلية والإقليمية,,,,
297,29,,REVENUE,,,TRUE,שמירת שדות,Field Guarding,,حفظ الحقول,,,,
299,29,,REVENUE,,,TRUE,שירותים חקלאיים אחרים,Other Agricultural Services,,الخدمات الزراعية الأخرى,,,,
3,,,REVENUE,,,TRUE,שירותים ממלכתיים,State Services,,الخدمات الحكومية,,,,
31,3,,REVENUE,,,TRUE,חינוך,Education,,تعليم,"
השתתפות משרד החינוך וגורמי חוץ נוספים בהוצאות עבור חינוך, וכן הכנסות עצמיות של הרשות מתשלומי הורים עבור שכר לימוד ושירותים שונים בחינוך. 
",,,
311,31,,REVENUE,,,TRUE,מינהל החינוך,Educational Administration,,إدارة التعليم,"הכנסות שונות בעבור מנהל החינוך ברשות- לדוגמא, החזרי הורים על ביטוח תלמידים והכנסות מקרנות וגורמי חוץ.",,,
312,31,,REVENUE,,,TRUE,חינוך קדם יסודי,Pre-Elementary Education,,التعليم قبل المدرسي,"השתתפות משרד החינוך וכן השתתפות הורים בשכר גננות וסייעות, ביטוח, ציוד ותפעול גני ילדים בגילאי חובה וטרום חובה, כולל פעוטונים, גני מועדון וצהרנים. ",,,
3122,312,,REVENUE,,,TRUE,גני ילדים גיל חובה,Mandatory Kindergardens,,رياض الأطفال إلزامية,,,,
3123,312,,REVENUE,,,TRUE,גני ילדים טרום חובה,Pre-Kindergardens,,رياض الأطفال ما قبل الإلزامي,,,,
3124,312,,REVENUE,,,TRUE,מעונות ופעוטונים,Pre-Kindergardens and child day care,,الرعاية النهارية ودور الحضانة المدارس,,,,
3125,312,,REVENUE,,,TRUE,גני מועדון וצהרונים,After School Kindergardens,,نادي الحدائق وبرامج ما بعد المدرسة,,,,
3126,312,,REVENUE,,,TRUE,גני ילדים לחינוך מיוחד,Special Education Kindergardens,,رياض الأطفال التربية الخاصة,,,,
3128,312,,REVENUE,,,TRUE,קייטנה/חודש לימודים נוסף לגנ״י,Kindergardens' Summer Camp/Additional Summer Month,,مخيم صيفي / مدرسة إضافية شهر لرياض الأطفال,,,,
313,31,,REVENUE,,,TRUE,חינוך יסודי,Elementary Eduacation,,التعليم الإبتدائي,"השתתפות משרד החינוך בשכר שרתים ומזכירות בבתי ספר יסודיים, הסעות ושכר סייעות עבור חינוך מיוחד וכן הכנסות עצמיות של הרשות משכר לימוד שמשולם לבתי ספר יסודיים שאינם ציבוריים. 
הערה- שכר המורים בחינוך היסודי משולם ישירות על ידי המדינה לא דרך תקציב הרשות.",,,
3131,313,,REVENUE,,,TRUE,מינהל החינוך היסודי,Elementary Education Administration,,إدارة التعليم الابتدائي,,,,
3132,313,,REVENUE,,,TRUE,בתי״ס יסודיים,Elementary Schools,,المدارس الابتدائية,,,,
3133,313,,REVENUE,,,TRUE,חינוך מיוחד,Special Education,,التعليم الخاص,,,,
3134,313,,REVENUE,,,TRUE,חוגים לתלמידים מחוננים ומוכשרים,Gifted and Talented Students' Enrichment/Special Classes,,فئات الطلبة الموهوبين والمتفوقين,,,,
3135,313,,REVENUE,,,TRUE,ישיבות קטנות ותלמודי תורה,Small Yeshivas and Talmoud Torah,,الاجتماعات الصغيرة والتلمود التوراة,,,,
3136,313,,REVENUE,,,TRUE,חינוך משלים בבתי״ס,Complementary Education at Schools ,,التعليم التكميلي في المدارس,,,,
3137,313,,REVENUE,,,TRUE,חוות חקלאיות,Agricultural Ranches,,المزارع,,,,
3138,313,,REVENUE,,,TRUE,קייטנות/לימודיות וחודש לימוד נוסף,Summer/Educational Camps and Additional School Month,,مخيمات تعليمية وشهر معرفة المزيد,,,,
314,31,,REVENUE,,,TRUE,חטיבות ביניים,Junior High Schools,,مدارس الأوسط,"השתתפות משרד החינוך בשכר עובדי חטיבות הביניים, בתפעולן השוטף ובהפעלת פרויקטים מיוחדים, וכן הכנסות עצמיות מאגרות תלמידי חוץ.",,,
315,31,,REVENUE,,,TRUE,חינוך על יסודי,High School Education,,مدرسة ثانوية,"השתתפות משרד החינוך והשתתפות ההורים בשכר ותפעול החינוך העל יסודי, וכן בפרוייקטים מיוחדים המשתנים בין רשות לרשות, דוגמת כיתות מחוננים, מחויבות אישית ועוד.
הערה- התקציב אינו מבטא הכנסות עבור חינוך על יסודי ברשויות שמפעילות בתי ספר באמצעות מלכ""רים ציבוריים או פרטיים  ",,,
3151,315,,REVENUE,,,TRUE,מינהל החינוך העל יסודי,High Schools' Administration,,إدارة التعليم الثانوي,,,,
3152,315,,REVENUE,,,TRUE,בתי״ס על יסודיים עיוניים,Academic High Schools,,المدارس الثانوية النظرية,,,,
3153,315,,REVENUE,,,TRUE,בתי״ס ערב על יסודיים,Evening High Schools,,المدارس المسائية للابتدائية,,,,
3154,315,,REVENUE,,,TRUE,ישיבות תיכוניות אולפנות ומתיבתאות,"High School Yeshivas, Girls' Religious High Schools and ???",,"جلسات ثانوية אולפנות ומתיבתאות
",,,,
3155,315,,REVENUE,,,TRUE,בתי״ס על יסודיים מקצועיים,Vocational High Schools,,المدارس الثانوية والمهنية,,,,
3156,315,,REVENUE,,,TRUE,בתי״ס על יסודיים חקלאיים,Agricultural High Schools,,المدارس الثانوية الزراعية,,,,
3157,315,,REVENUE,,,TRUE,בתי״ס על יסודיים מקיפים,Comprehensive High Schools,,المدارس الابتدائية الشاملة,,,,
316,31,,REVENUE,,,TRUE,חינוך גבוה,Higher Education,,التعليم العالي,השתתפות ממשלה ומוסדות שונים במתן מלגות לסטודנטים ובפרויקטים שונים לעידוד השכלה גבוהה,,,
3162,316,,REVENUE,,,TRUE,אוניברסיטאות,Universities,,الجامعات,,,,
3163,316,,REVENUE,,,TRUE,מוסדות להשכלה טכנולוגית גבוהה,Higher Technological Education Institutes,,مؤسسات التعليم التكنولوجي الرفيع,,,,
3164,316,,REVENUE,,,TRUE,ישיבות גבוהות וכוללים,High Yeshivas and religuos Collelges,,المدارس الدينية اليهودية وتشمل,,,,
3165,316,,REVENUE,,,TRUE,בתי מדרש למורים,Teacher Training Colleges,,بيت مدراش للمعلمين,,,,
3166,316,,REVENUE,,,TRUE,מכללות,Colleges,,الكليات,,,,
3167,316,,REVENUE,,,TRUE,אמנות,Art,,فن,,,,
3168,316,,REVENUE,,,TRUE,קרן מלגות עירונית,Municipal Scholarship Fund,,صندوق المنح الدراسية في المناطق الحضرية,,,,
317,31,,REVENUE,,,TRUE,שירותים נוספים לבתי״ס וגנ״י,Additional Services to Schools and Kindergardens,,خدمات للمدارس ورياض الأطفال,"השתתפות משרדי הממשלה והכנסות עצמיות מאספקת שירותים שונים לבתי ספר וגני ילדים, לרבות שירותים פסיכולוגיים, שירותי רווחה בחינוך ושמירה במוסדות חינוך",,,
3171,317,,REVENUE,,,TRUE,קב״ט שמירה ובטחון מוסדות חינוך,Educational Institute Guarding and Security ,,ضابط أمن وأمن مؤسسات التعليم,"השתתפות משרד החינוך בשירותי שמירה וביטחון במוסדות החינוך בתחומי הרשות. 
הערה- בחלק מהרשויות נרשמת השתתפות ממשלה בעבור אבטחת מוסדות חינוך תחת מנהל החינוך ",,,
3172,317,,REVENUE,,,TRUE,מרכזיה פדגוגית,Pedagogical Resource Center,,مركز التربوية,השתתפות משרד החינוך בהוצאות עבור מרכזי הדרכה וייעוץ פדגוגיים ,,,
3173,317,,REVENUE,,,TRUE,שרות פסיכולוגי חינוכי,Psychoeducational Service,,الخدمة النفسية التعليمية,"השתתפות משרד החינוך ומוסדות אחרים, וכן השתתפות הורים בהוצאות עבור שכר פסיכולוגים בבתי ספר, השתלמויות ופרויקטים של השרות הפסיכולוגי החינוכי",,,
3174,317,,REVENUE,,,TRUE,שרות בריאות לתלמיד,Student Health Service,,خدمة الصحة الطلابية,"השתתפות משרד הבריאות בשירותי בריאות במערכות החינוך ברשות. 
",,,
3175,317,,REVENUE,,,TRUE,בטוח תלמידים,Student Insurance,,تأمين الطلاب,"השתתפות הורים בביטוח ילדים במערכות החינוך ברשות. 
הערה- בפועל, רוב הרשויות רושמות הכנסות עבור ביטוח במנהל החינוך או תחת חינוך יסודי, על יסודי וכו'.",,,
3176,317,,REVENUE,,,TRUE,רווחה חינוכית,Educational Welfare,,الرعاية التعليمية,"השתתפות הממשלה בהוצאות עבור תכניות רווחה בחינוך- לדוגמה פרוייקטים של שיקום שכונות, תכניות התערבות והעצמת נוער.",,,
3177,317,,REVENUE,,,TRUE,קב״סים,School Attendance Officers,,ضباط الحضور في المدارس,"קב""סים= קציני ביקור סדיר. השתתפות ממשלה בפעולות שקשורות במעקב אחר תלמידים שנשרו מבתי ספר והחזרתם למסגרת לימודים",,,
3178,317,,REVENUE,,,TRUE,הסעות ילדים,Childrens' Transportation,,نقل الأطفال,"השתתפות משרד החינוך בהסעות עבור מוסדות חינוך מיוחד. לעתים כולל גם השתתפות הורים בהסעות למוסדות חינוך רגיל. 
הערה- חלק מהרשויות רושמות הכנסות עבור הסעות תחת חינוך מיוחד 3133",,,
3179,317,,REVENUE,,,TRUE,שירותים אחרים,Other Services,,خدمات أخرى,הכנסות חיצוניות ועצמיות של הרשות עבור שיפוצים במוסדות חינוך ופרוייקטים מיוחדים בחינוך. ,,,
318,31,,REVENUE,,,TRUE,חינוך מבוגרים,Adult Education,,تعليم الكبار,השתתפות ממשלה באולפני שפה ומרכזי חינוך למבוגרים. ,,,
319,31,,REVENUE,,,TRUE,שירותי חינוך מיוחדים,Special Educational Services,,خدمات التعليم الخاص,,,,
3191,319,,REVENUE,,,TRUE,חינוך מוכר שאינו רשמי,Recognized Non-State Education,,التعليم المعترف بها ليس رسميا,,,,
32,3,,REVENUE,,,TRUE,תרבות,Culture,,ثقافة,"השתתפות הממשלה ומוסדות נוספים באירועי תרבות וספורט של הרשות ובפעילויות שוטפות של ספריות, מתנ""סים וחוגים. הכנסות עצמיות של הרשות מפעולות תרבות וספורט, שכירות וכן מדמי כניסה למוזיאונים, ספריות ואתרים שונים.",,,
321,32,,REVENUE,,,TRUE,מינהל התרבות,Culture Administration,,إدارة الثقافة,,,,
322,32,,REVENUE,,,TRUE,פעולות תרבות,Cultral Activities/Events,,النشطات الثقافية,,,,
323,32,,REVENUE,,,TRUE,ספריות עירוניות,Municipal Libraries,,المكاتب المدينة,,,,
324,32,,REVENUE,,,TRUE,מתנ״סים,Community Centers,,مراكز اجتماعية,,,,
325,32,,REVENUE,,,TRUE,מוסיקה ומחול,Music and Dance,,الموسيقى والرقص,,,,
3251,325,,REVENUE,,,TRUE,קונסרבטוריון,Musical Conservatory,,موسيقى الكونسرفاتوار,,,,
3252,325,,REVENUE,,,TRUE,תזמורת עירונית,Municipal Orchestra,,أوركسترا حضرية,,,,
3254,325,,REVENUE,,,TRUE,מקהלה עירונית,Municipal Choir,,جوقة بلدية,,,,
326,32,,REVENUE,,,TRUE,מוקדי תרבות,Cultural Centers,,المراكز الثقافية,,,,
3261,326,,REVENUE,,,TRUE,תיאטרונים,Theatres,,مسارح,,,,
3262,326,,REVENUE,,,TRUE,מוזיאונים,Museums,,متاحف,,,,
3263,326,,REVENUE,,,TRUE,גן חיות,Zoo,,حديقة الحيوانات,,,,
3264,326,,REVENUE,,,TRUE,מוקדי תרבות אחרים,Other Cultural Centers,,مراكز ثقافية أخرى,,,,
327,32,,REVENUE,,,TRUE,תרבות תורנית,Torah Culture,,الثقافة الدينية,,,,
328,32,,REVENUE,,,TRUE,נוער,Youth,,شباب,,,,
3281,328,,REVENUE,,,TRUE,מינהל הנוער,Youth Administration,,ادارة الشباب,,,,
3282,328,,REVENUE,,,TRUE,מוקדי הפעלת נוער,Youth Activity Center,,مراكز  تشغيل الشباب,,,,
3283,328,,REVENUE,,,TRUE,חוגי נוער,Youth Recreation,,برامج الشباب,,,,
3284,328,,REVENUE,,,TRUE,קייטנות נוער,Youth Summer Camps,,المخيمات الصيفية للشباب,,,,
3289,328,,REVENUE,,,TRUE,תנועות נוער,Youth Movements,,حركات الشباب,,,,
33,3,,REVENUE,,,TRUE,בריאות,Health,,الصحة,"השתתפות הממשלה בהסעות חולים ושירותי בריאות שונים, וכן הכנסות עצמיות של הרשות מדמי טיפול במרפאות בתחומה. ",,,
332,33,,REVENUE,,,TRUE,מרפאות,Clinics,,عيادات,,,,
3321,332,,REVENUE,,,TRUE,מרפאות יעוץ,Consultation Clinics,,عيادات تقسيم المناطق,,,,
3322,332,,REVENUE,,,TRUE,מרפאות כלליות,General Clinics,,عيادات عامة,,,,
3323,332,,REVENUE,,,TRUE,מרפאות שיניים,Dental Clinics,,عيادات الأسنان,,,,
3324,332,,REVENUE,,,TRUE,תחנות אם וילד,Child Care Clinics,,عيادات الطفل والأم,,,,
333,33,,REVENUE,,,TRUE,בתי חולים,Hospitals,,المستشفيات,,,,
3331,333,,REVENUE,,,TRUE,בתי חולים כלליים,General Hospitals,,المستشفيات العامة,,,,
3332,333,,REVENUE,,,TRUE,בתי חולים אחרים,Other Hospitals,,مستشفيات أخرى,,,,
334,33,,REVENUE,,,TRUE,בתי ספר לאחיות,Nurse Education Schools,,مدارس التمريض,,,,
335,33,,REVENUE,,,TRUE,מוסדות בריאות אחרים,Other Health Institutions,,المؤسسات الصحية الأخرى,,,,
336,33,,REVENUE,,,TRUE,שירותי חירום ריפואים,Emergency Health Services,,الخدمات الطبية الطارئة,,,,
3361,336,,REVENUE,,,TRUE,מד״א,Red Magen David,,ماجن دافيد أدوم,,,,
3362,336,,REVENUE,,,TRUE,נט״ן,ICU ambulance,,وحدة العناية الطارئة,,,,
3363,336,,REVENUE,,,TRUE,מוקד לתורנויות של רופאים,Doctors' Rotation Call Center,, مركز تناوب الأطباء,,,,
34,3,,REVENUE,,,TRUE,רווחה,Wellfare,,الرعاية الاجتماعية,"השתתפות הממשלה ומוסדות נוספים בשירותי רווחה לאוכלוסיות שונות, לדוגמא- משפחות ונוער במצוקה, קשישים ובעלי צרכים מיוחדים. 
הערה- חלק מהמימון הממשלתי עבור רווחה מותנה בהשתתפות חלקית של הרשות בהוצאות (שיטת המצ'ינג)",,,
341,34,,REVENUE,,,TRUE,מינהל הרווחה,Wellfare Administration,,إدارة الرعاية الاجتماعية,השתתפות משרד הרווחה בהוצאות המנהל ובשכר עובדי לשכת הרווחה הכנסות עצמיות של הרשות מדמי שימוש בנכסי מנהל הרווחה.   ,,,
342,34,,REVENUE,,,TRUE,רווחת הפרט והמשפחה,Individual and Family Wellfare,,رعاية الأسرة والفرد,"השתתפות משרד הרווחה והשתתפות משפחות במרכזי טיפול במשפחות במצוקה, וכן השתתפות ממשלה בפרויקטים מיוחדים כמו מקלטים לנשים מוכות, טיפול בדרי רחוב ומניעת אלימות.  ",,,
3422,342,,REVENUE,,,TRUE,צרכים מיוחדים,Special Needs,,الاحتياجات الخاصة,,,,
3424,342,,REVENUE,,,TRUE,הדרכת משפחות,Family Guidance,,الإرشاد الأسري,,,,
3425,342,,REVENUE,,,TRUE,סמך מקצועי,Professional/Occupational Support,,الدعم المهني,,,,
343,34,,REVENUE,,,TRUE,שירותים לילד ולנוער,Child and Youth Services,,خدمات الأطفال والشباب,"השתתפות משרד הרווחה בהוצאות הרשות עבור אחזקת ילדים בפנימיות, משפחתונים ומעונות יום, ועבור הפעלת תוכניות שונות בתחום רווחת ילדים, וכן הכנסות עצמיות של הרשות מדמי רישום למשפחתונים ולמעונות יום.  ",,,
3435,343,,REVENUE,,,TRUE,פעולות קהילתיות,Community Acitivities,,الأنشطة المجتمعية,,,,
3438,343,,REVENUE,,,TRUE,אחזקת ילדים בפנימיות,Hosting Children in Boarding Schools,,إبقاء الأطفال في المدارس الداخلية,,,,
3439,343,,REVENUE,,,TRUE,אחזקת ילדים במעונות יום ואומנות יומיות,Hosting Children in Day Care and Foster Homes,,إبقاء الأطفال في الرعاية النهارية ودور الحضانة,,,,
344,34,,REVENUE,,,TRUE,שירותים לזקן,Elderly Services,,خدمات المسنين,"השתתפות משרד הרווחה בהוצאות הרשות עבור טיפול ומתן שרותים קהילתיים לקשישים ומעקב אחר חוק סיעוד וכן השתתפות משפחות באחזקת מעונות, עזרה ביתית ומסגרות יומיות לקשישים",,,
3443,344,,REVENUE,,,TRUE,שירותים לזקן - מוסדי,Elderly Services - Institutional,,خدمات المسنين - المؤسسية,,,,
3444,344,,REVENUE,,,TRUE,שירותים לזקן - קהילתי,Services for the Elderly - Community,,خدمات المسنين - المجتمع,,,,
3445,344,,REVENUE,,,TRUE,תעסוקה ומרכזי יום לקשיש,Occupational and Day Care Centers for the Elderly,,توظيف والمراكز النهارية للمسنين,,,,
345,34,,REVENUE,,,TRUE,שירותים למפגר,Services to the Retarded,,خدمات للمعاقين,"השתתפות משרד הרווחה במימון מוסדות, מרכזי טיפול לבעלי פיגור ומוגבלויות ופרויקטים מיוחדים, וכן השתתפות הורים בהסעות ובמסגרות יום לבעלי מוגבלויות",,,
3451,345,,REVENUE,,,TRUE,סידור מפגרים במוסדות,Placement of Retarded in Institutions,,تنظيم المعوقين في المؤسسات,,,,
3452,345,,REVENUE,,,TRUE,סידור מפגרים במסגרות יום,Placement of Retarded in Daily Establishments,,تنظيم المعوقين في إطارات,,,,
3453,345,,REVENUE,,,TRUE,שירותים למפגר - קהילתי,Community Services for the Retarded,,خدمات يوم للمعاقين - اجتماعي,,,,
3454,345,,REVENUE,,,TRUE,מפעלי תעסוקת למפגר ומע״ש,Occupational Plants for the Retarded and ???,,مصانع توظيف للمعاقين ,,,,
346,34,,REVENUE,,,TRUE,שירותי שיקום,Rehabilitation Services,,خدمات إعادة التأهيل,השתתפות משרד הרווחה והשתתפות עצמית עבור שירותי שיקום לעיוורים ובעלי מוגבלויות שונות,,,
3461,346,,REVENUE,,,TRUE,שיקום העיוור - אחזקה במוסדות,Rehabilitation of the Blind - ?? in Institutions,,إعادة تأهيل الأعمى-صيانة المؤسسات,,,,
3462,346,,REVENUE,,,TRUE,שיקום העיוור - מעונות יום,Rehabilitation of the Blind - Day Care Establishments,,إعادة تأهيل الأعمى-صيانة,,,,
3463,346,,REVENUE,,,TRUE,טיפול בעיוור בקהילה,Treatment of the Blind in the Community,,الرعاية المجتمعية للأعمى,,,,
3464,346,,REVENUE,,,TRUE,מפעלי תעסוקה לעיוורים,Occupational Plants for the Blind,,مصانع توظيف للأعمى,,,,
3465,346,,REVENUE,,,TRUE,נכים - שיקום במוסדות,Disabled - Rehabilitation In Institutes,,معاق - مؤسسات إعادة التأهيل,,,,
3466,346,,REVENUE,,,TRUE,נכים - אחזקה במסגרות יום,Disabled - Engagement In Institutes,,معاق - صيانة المؤسسات,,,,
3467,346,,REVENUE,,,TRUE,נכים - טיפול בקהילה,Disabled - Teatment in the Community,,يوم معاقين - الرعاية المجتمعية,,,,
3469,346,,REVENUE,,,TRUE,נכים - שיקום במפעלי תעסוקה,Disabled - Rehabilitation in Industrial Plants,,معاق - إعادة التأهيل في مصانع توظيف,,,,
347,34,,REVENUE,,,TRUE,שירותי תיקון,Correctional Services,,خدمات إصلاح,"השתתפות משרד הרווחה וגורמים נוספים כמו הרשות למלחמה בסמים, וכן השתתפות עצמית עבור סידור ילדים במפתנים, מקלטים לנערים ונערות,  גמילה מסמים ואלכוהול ועוד.",,,
3471,347,,REVENUE,,,TRUE,טיפול בחבורות רחוב ונוער במצוקה,Treating Street Gangs and at-risk Youth,, علاج عصابات الشوارع والشباب المضطرب,,,,
3472,347,,REVENUE,,,TRUE,חסות נוער,Youth Protection Authority,,حماية الشباب,,,,
3473,347,,REVENUE,,,TRUE,סמים,Drugs,,المخدرات,,,,
3474,347,,REVENUE,,,TRUE,מפתנים,Occupational Plants for youth,,عتبات,,,,
348,34,,REVENUE,,,TRUE,עבודה קהילתית,Community Work,,العمل الاجتماعي,"השתתפות משרדי הרווחה והחינוך בשיקום שכונות, מרכזים קהילתיים ופרויקטים של התנדבות בקהילה.",,,
3482,348,,REVENUE,,,TRUE,מרכזים קהילתיים,Community Centers,,المراكز الاجتماعية,,,,
3483,348,,REVENUE,,,TRUE,התנדבות,Volunteering,,تطوع,,,,
3484,348,,REVENUE,,,TRUE,שרות יעוץ לאזרח שי״ל,Citizen Advisory Service,,الخدمات الاستشارية المدنية,,,,
3485,348,,REVENUE,,,TRUE,שיקום שכונות,Neighborhood Rehabilitation,,تجديد أحياء,,,,
349,34,,REVENUE,,,TRUE,שירותים לעולים,Emmigrant Services,,خدمات المهاجرين,השתתפות משרד הרווחה והשתתפות הורים במתן שירותי רווחה לאוכלוסיות עולים.,,,
35,3,,REVENUE,,,TRUE,דת,Religion/Religious,,دين,השתתפות משרד הדתות בהוצאות עבור שירותי דת שונים,,,
351,35,,REVENUE,,,TRUE,שירותים דתיים יהודיים,Jewish Religious Services,,المشاركة في المجلس الديني الميزاني,,,,
352,35,,REVENUE,,,TRUE,שירותי דת לקראים,Karaian Religious Services,,קראים?!,,,,
353,35,,REVENUE,,,TRUE,שירותי דת למוסלמים,Muslim Religious Services,,الخدمات الدينية للمسلم,,,,
354,35,,REVENUE,,,TRUE,שירותי דת לעדות נוצריות,Christian Groups Religious Services,,الخدمات الدينية للطوائف المسيحية,,,,
355,35,,REVENUE,,,TRUE,שירותי דת לדרוזים,Druse Religious Services,,الخدمات الدينية للدرزي,,,,
356,35,,REVENUE,,,TRUE,שירותי דת יהודיים כלליים,General Jewish Religious Services,,الخدمات الدينية اليهودية العامة,,,,
357,35,,REVENUE,,,TRUE,שירותי דת במועצות אזוריות,Religious Services in Regional Municipalities/Governesses,,الخدمات الدينية في المجالس الإقليمية,,,,
359,35,,REVENUE,,,TRUE,שירותי דת שונים,Various Religious Services,,الخدمات الدينية المختلفة,,,,
36,3,,REVENUE,,,TRUE,ק ליטת עליה,Emmigration Absorption,,استيعاب المهاجرين,"השתתפות משרד הקליטה, משרד השיכון, הסוכנות היהודית וגופים נוספים, וכן הכנסות עצמיות של הרשות עבור שירותי קליטה לעולים.",,,
369,36,,REVENUE,,,TRUE,שירותים שונים לקליטת העלייה,Various Emmigration Absorption Services,,خدمات مختلفة لاستيعاب المهاجرين,,,,
37,3,,REVENUE,,,TRUE,איכות הסביבה,Environmental Protection/Quality,,جودة البيئة,השתתפות המשרד לאיכות הסביבה וכן הכנסות עצמיות של הרשות מפרויקטים שונים הקשורים באיכות הסביבה.,,,
379,37,,REVENUE,,,TRUE,שירותים שונים לאיכות הסביבה,Various Services to Environmental Quality,,خدمات أخرى لجودة البيئة,,,,
4,,,REVENUE,,,TRUE,מפעלים,Plants/Enterprises,,مصانع,,,,
41,4,,REVENUE,,,TRUE,מים,Water,,المياه,"הכנסות הרשות מאגרות מים המשולמות על ידי התושבים, וכן מהיטלים שמשולמים עבור ביצוע עבודות תשתית ברשת המים, כגון חיבור לרשת והנחת צינורות מים.
הערה- ברוב הרשויות פועל כיום תאגיד מים. תשלומי התושבים עבור שימוש במים עוברים ישירות לתאגיד ולא נרשמים בתקציב הרשות.",,,
411,41,,REVENUE,,,TRUE,מינהל המים,Water Administration,,إدارة المياه,,,,
412,41,,REVENUE,,,TRUE,גביה,Tax Collection,,جمع,,,,
413,41,,REVENUE,,,TRUE,משק המים,Water Economy,,تشغيل وصيانة المياه,,,,
4131,413,,REVENUE,,,TRUE,אגרות מים (צריכה שוטפת),Water Fees (Consumption),,شراء المياه,,,,
4132,413,,REVENUE,,,TRUE,אגרות מים אחרות (מוני מים),Other Water Fees  (Water Meters),,صيانة نظام إنتاج المياه,,,,
42,4,,REVENUE,,,TRUE,בתי מטבחיים,Slaughter Houses,,المسالخ,"השתתפות משרד החקלאות באחזקת בתי מטבחיים ובאגרות שחיטה 
",,,
422,42,,REVENUE,,,TRUE,בתי מטבחיים עירוניים,Municipal Slaughter House,,المسالخ البلدية,,,,
423,42,,REVENUE,,,TRUE,בתי מטבחיים באגוד ערים,Associated Cities ??Slaughter House,,مسالخ البلدية المرتبطة,,,,
43,4,,REVENUE,,,TRUE,נכסים,Properties,,ممتلكات,"הכנסות עצמיות של הרשות ממכירת נכסים, שכר דירה ודמי שימוש בנכסים, חניונים, שלטי רחוב, מקלטים, תיאטראות ומבנים ציבוריים נוספים. ",,,
431,43,,REVENUE,,,TRUE,מינהל הנכסים,Properties Administration,,إدارة الممتلكات,,,,
432,43,,REVENUE,,,TRUE,דירות,Apartments,,الشقق,,,,
433,43,,REVENUE,,,TRUE,משרדים ועסקים,Offices and Businesses,,المكاتب والشركات,,,,
434,43,,REVENUE,,,TRUE,מבני מלאכה ותעשיה,Industrial and Worshop Buildings,,ورشة عمل والصناعة,,,,
435,43,,REVENUE,,,TRUE,קרקעות,Land,,الأراضي,,,,
436,43,,REVENUE,,,TRUE,אכסניות נוער,Youth Hostels,,بيوت الشباب,,,,
437,43,,REVENUE,,,TRUE,שווקים,Markets,,الأسواق,,,,
438,43,,REVENUE,,,TRUE,משרדי הרשות,Municipality Offices,,مكاتب السلطة,,,,
439,43,,REVENUE,,,TRUE,נכסים אחרים,Other properties,,ممتلكات أخرى,,,,
44,4,,REVENUE,,,TRUE,תחבורה,Transportation,,وسيلة نقل,"הכנסות עצמיות של הרשות מקנסות חניה ועבירות תנועה, כרטיסי חניה וחניה סלולרית  
הערה- בחלק מהרשויות נרשמות הכנסות בעבור קנסות חניה בסעיף 28 'פיקוח עירוני'",,,
442,44,,REVENUE,,,TRUE,אוטובוסים,Busses,,الباصات,,,,
4421,442,,REVENUE,,,TRUE,שרות אוטובוסים בהפעלת הרשות,Bus Service Municipality-Operated,,خدمة خدمة بتشغيل السلطة,,,,
4422,442,,REVENUE,,,TRUE,שרות אוטובוסים ציבוריים,Public Bus Service,,خدمة الباصات العامة,,,,
4423,442,,REVENUE,,,TRUE,תחנות אוטובוסים,Bus Stations,,محطات الباصات,,,,
443,44,,REVENUE,,,TRUE,חניה למכוניות,Car Parking,,مواقف للسيارات,,,,
4431,443,,REVENUE,,,TRUE,מגרשי חניה,Parking Lots,,مواقف,,,,
4432,443,,REVENUE,,,TRUE,כרטיסי חניה ומדחנים,Parking Cards and Street Meters,,تذاكر وقوف السيارات وعدادات مواقف السيارات,,,,
444,44,,REVENUE,,,TRUE,חניה למוניות,Taxi Parking Lots,,مواقف لسيارات الأجرة,,,,
445,44,,REVENUE,,,TRUE,רכבות,Trains,,القطارات,,,,
45,4,,REVENUE,,,TRUE,מפעלי תעסוקה,Occupational Plants,,مصانع توظيف,"הכנסות חיצוניות של הרשות ייעודיות עבור מפעלי תעסוקה מיוחדים, לדוגמה מפעילים המעסיקים בעלי מוגבלויות",,,
46,4,,REVENUE,,,TRUE,חשמל,Electricity,,كهرباء,הכנסות חיצוניות של הרשות עבור תשתיות חשמל בשטחה,,,
47,4,,REVENUE,,,TRUE,מפעל הביוב,Sewage Plant,,مصنع لمياه الصرف الصحي,"הכנסות עצמיות של הרשות מאגרות ביוב המשולמות על ידי התושבים 
הערה- ברוב הרשויות פועל כיום תאגיד ביוב, והכנסות מביוב לא נרשמות בתקציב הרשות. השתתפות בעלים בהיטלי ביוב נרשמת בסעיף 'תברואה' 21.
   ",,,
471,47,,REVENUE,,,TRUE,מינהל הביוב,Sewage Administration,,إدارة مياه الصرف الصحي,,,,
472,47,,REVENUE,,,TRUE,ביוב עירוני,Municipal Sewage,,مياه الصرف الصحي في المناطق الحضرية,,,,
473,47,,REVENUE,,,TRUE,טיהור מי ביוב,Sewage Purification,,اعاده تدوير مياه الصرف الصحي,,,,
474,47,,REVENUE,,,TRUE,ריקון בורות שופכין,Cesspool Drainage,,تفريغ حفر النفايات ,,,,
48,4,,REVENUE,,,TRUE,מפעלים אחרים,Other Plants,,مصانع أخرى,הכנסות הרשות מהחזרי ביטוח עבור הפעלת מפעלים שונים בשטחה.,,,
5,,,REVENUE,,,TRUE,תקבולים בלתי רגילים,Unusual  Paybacks,,مدفوعات غير عادية,,,,
51,5,,REVENUE,,,TRUE,ריבית והחזר הוצאות משנים קודמות,Previous Years Interest and Expenses Returns,,الفائدة وسداد المصروفات من السنوات السابقة,"הכנסות הרשות מריביות שהצטברו עבור הסדרי תשלום ואגרות עבור שירותים שונים, דיבידנדים והחזר הוצאות משנים קודמות ",,,
511,51,,REVENUE,,,TRUE,ריבית ודיבידנדים,Interest and Dividents,,الفوائد والأرباح,,,,
513,51,,REVENUE,,,TRUE,תקבולים מהחזר הוצאות משנים קודמות,Revenues from Previous Years Expenses Returns,,العائدات من سداد نفقات من السنوات السابقة,,,,
59,5,,REVENUE,,,TRUE,החזר מקרנות והכנסות מיוחדות,Returns from Funds and Special Revenues,,عائدات من الأموال والإيرادات الخاصة,הכנסות הרשות מקרנות תקציביות,,,
591,59,,REVENUE,,,TRUE,החזרות מקרנות,Returns from Funds,,اعادات من الأموال,הכנסות הרשות מקרנות תקציביות,,,
5911,591,,REVENUE,,,TRUE,החזרות מקרן למחסנים,Returns from Storage Fund,,عوائد من صندوق التخزين,,,,
5912,591,,REVENUE,,,TRUE,החזרות מקרו למניות,Returns from Shares Fund,,عوائد من صندوق أسهم,,,,
5913,591,,REVENUE,,,TRUE,החזרות מקרן הלוואות לעובדים,Paybacks from Employee Loan Fund,,عوائد من صندوق القروض للموظفين,,,,
5914,591,,REVENUE,,,TRUE,החזרות מקרך גמ״ח לועדים מקומיים,Paybacks from Local Employee Representative Non-Profit Help Fund ,,عوائد من صندوق اللجان المحلية,,,,
5915,591,,REVENUE,,,TRUE,החזרות מקרן לחידוש רכב וציוד,Returns from Vehicle and Equipment Renewal,,عوائد من صندوق تجديد وتأجير المعدات,,,,
5916,591,,REVENUE,,,TRUE,החזרות מקרן לשיכונים,Returns from Housing Fund,,عوائد من صندوق الأحياء,,,,
5919,591,,REVENUE,,,TRUE,החזרות מקרנות אחרות,Returns from other funds,,عوائد من صنادبق اخرى,,,,
594,59,,REVENUE,,,TRUE,הכנסות מיוחדות ובלתי נצפות מראש,Special and Unforseenable Revenues,,دخل خاص غير المخطط له,,,,
599,59,,REVENUE,,,TRUE,הכנסות לכיסוי גרעון,Revenues for Deficit Recovery,,الإيرادات لتغطية العجز,הכנסה ממשלתית חד פעמית שמועברת לרשות לכיסוי גרעון תקציבי בצורה של מענק או הלוואה. ,,,
5991,599,,REVENUE,,,TRUE,העברת מענק לכיסוי גרעון מצטבר,Transfer of Grant for Cummulative Deficit Recovery,,نقل منح لتغطية العجز المتراكم,,,,
5992,599,,REVENUE,,,TRUE,יתרה מתקציבים רגילים קודמים,Balance from Regular Budgets,,موازنة من ميزانيات العادية السابقة,,,,
5999,599,,REVENUE,,,TRUE,הלוואות לאיזון התקציב הרגיל,Loans for Regular Budget Balancing,,القروض لتوازن الميزانية  العادية,,,,